AuthorID,BookAuthorID,BookID
1429,39,40
1429,40,41
1777,41,42
1812,42,43
1251,43,44
1251,44,45
1598,45,46
2,46,47
1434,47,48
4,48,49
1252,49,50
1252,50,51
1252,51,52
1252,52,53
5,53,54
5,54,55
6,55,56
6,56,57
7,57,58
8,58,59
8,59,60
9,60,61
10,61,62
11,62,63
12,63,64
13,64,65
1253,65,66
14,66,67
14,67,68
14,68,69
15,69,70
16,70,71
17,71,72
18,72,73
19,73,74
20,74,75
21,75,76
22,76,77
23,77,78
1254,78,79
1254,79,80
1255,80,81
1256,81,82
1257,82,83
24,83,84
2049,84,85
26,85,86
27,86,87
28,87,88
29,88,89
30,89,90
30,90,91
30,91,92
30,92,93
30,93,94
30,94,95
30,95,96
1258,96,97
1258,97,98
1258,98,99
1258,99,100
1258,100,101
1258,101,102
31,102,103
31,103,104
1259,104,105
32,105,106
33,106,107
34,107,108
1260,108,109
1260,109,110
35,110,111
36,111,112
37,112,113
38,113,114
39,114,115
1261,115,116
40,116,117
41,117,118
41,118,119
1262,119,120
1262,120,121
42,121,122
42,122,123
42,123,124
43,124,125
44,125,126
1263,126,127
1263,127,128
1263,128,129
1263,129,130
1263,130,131
1263,131,132
1263,132,133
1263,133,134
1263,134,135
1263,135,136
1263,136,137
1263,137,138
1263,138,139
1263,139,140
1263,140,141
1263,141,142
1263,142,143
1263,143,144
45,144,145
46,145,146
47,146,147
48,147,148
49,148,149
50,149,150
51,150,151
51,151,152
51,152,153
52,153,154
52,154,155
53,155,156
53,156,157
54,157,158
54,158,159
55,159,160
56,160,161
57,161,162
59,163,164
60,164,165
61,165,166
61,166,167
62,167,168
62,168,169
63,169,170
63,170,171
63,171,172
64,172,173
65,173,174
66,174,175
67,175,176
68,176,177
69,177,178
70,178,179
3023,179,180
71,180,181
72,181,182
73,182,183
74,183,184
74,184,185
75,185,186
75,186,187
76,187,188
77,188,189
79,190,191
80,191,192
81,192,193
82,193,194
83,194,195
84,195,196
85,196,197
86,197,198
87,198,199
88,199,200
89,200,201
90,201,202
91,202,203
92,203,204
93,204,205
94,206,207
95,207,208
96,208,209
97,209,210
98,210,211
99,211,212
100,212,213
101,213,214
102,214,215
103,215,216
104,216,217
104,217,218
105,218,219
106,219,220
107,220,221
108,221,222
109,222,223
110,223,224
111,224,225
112,225,226
112,226,227
113,227,228
114,228,229
115,229,230
116,230,231
117,231,232
118,232,233
1265,233,234
1265,234,235
1265,235,236
1265,236,237
1265,237,238
1265,238,239
1265,239,240
1265,240,241
1265,241,242
1265,242,243
1265,243,244
1265,244,245
1265,245,246
1265,246,247
1265,247,248
1265,248,249
1265,249,250
1265,250,251
1265,251,252
1265,252,253
1265,253,254
1265,254,255
1265,255,256
1265,256,257
1265,257,258
1265,258,259
1265,259,260
1265,260,261
1265,261,262
1265,262,263
1265,263,264
1265,264,265
1265,265,266
1265,266,267
1265,267,268
1265,268,269
1265,269,270
1265,270,271
1265,271,272
1265,272,273
1265,273,274
1265,274,275
1265,275,276
1265,276,277
1265,277,278
1265,278,279
1265,279,280
1265,280,281
1265,281,282
1265,282,283
1265,283,284
1265,284,285
1265,285,286
1265,286,287
1265,287,288
1265,288,289
1265,289,290
1265,290,291
1265,291,292
1265,292,293
1265,293,294
1265,294,295
1265,295,296
1265,296,297
1265,297,298
1265,298,299
1265,299,300
1265,300,301
1265,301,302
1265,302,303
1265,303,304
1265,304,305
1265,305,306
1265,306,307
1265,307,308
1265,308,309
1265,309,310
1265,310,311
1265,311,312
1265,312,313
1265,313,314
1265,314,315
119,315,316
120,316,317
121,317,318
122,318,319
123,319,320
124,320,321
125,321,322
126,322,323
127,323,324
128,324,325
129,325,326
130,326,327
131,327,328
131,328,329
132,329,330
133,330,331
133,331,332
133,332,333
134,333,334
135,334,335
136,335,336
137,336,337
138,337,338
138,338,339
138,339,340
138,340,341
138,341,342
139,342,343
140,343,344
141,344,345
142,345,346
143,346,347
144,347,348
145,348,349
146,349,350
147,350,351
148,351,352
149,352,353
150,353,354
151,354,355
152,355,356
152,356,357
152,357,358
152,358,359
153,359,360
154,360,361
155,361,362
155,362,363
156,363,364
156,364,365
157,365,366
158,366,367
159,367,368
160,368,369
161,369,370
161,370,371
161,371,372
162,372,373
163,373,374
164,374,375
164,375,376
165,376,377
166,377,378
167,378,379
1266,379,380
168,380,381
168,381,382
169,382,383
170,383,384
171,384,385
171,385,386
172,386,387
173,387,388
174,388,389
174,389,390
175,390,391
176,391,392
177,392,393
178,393,394
179,394,395
180,395,396
181,396,397
182,397,398
183,398,399
183,399,400
183,400,401
183,401,402
184,402,403
185,403,404
186,404,405
187,405,406
187,406,407
187,407,408
188,408,409
189,409,410
1267,410,411
1269,412,413
1269,413,414
190,414,415
191,415,416
192,416,417
193,417,418
193,418,419
194,419,420
195,420,421
196,421,422
197,422,423
198,423,424
199,424,425
200,425,426
201,426,427
201,427,428
202,428,429
203,429,430
204,430,431
205,431,432
206,432,433
207,433,434
208,434,435
209,435,436
210,436,437
210,437,438
211,438,439
212,439,440
213,440,441
213,441,442
213,442,443
213,443,444
213,444,445
214,445,446
215,446,447
216,447,448
217,448,449
218,449,450
1270,450,451
1271,452,453
1271,453,454
219,454,455
220,455,456
220,456,457
221,457,458
222,458,459
223,459,460
1272,460,461
224,461,462
224,462,463
225,463,464
226,464,465
227,465,466
228,466,467
229,467,468
230,468,469
1273,469,470
1273,470,471
1273,471,472
1273,472,473
1273,473,474
1273,474,475
1273,475,476
1273,476,477
1273,477,478
1273,478,479
1273,479,480
1273,480,481
1273,481,482
1273,482,483
1273,483,484
1273,484,485
1273,485,486
1273,486,487
1273,487,488
1273,488,489
1273,489,490
1273,490,491
1273,491,492
1273,492,493
1273,493,494
1273,494,495
1273,495,496
1273,496,497
1273,497,498
1273,498,499
1273,499,500
1273,500,501
1273,501,502
1273,502,503
1273,503,504
1273,504,505
1273,505,506
1273,506,507
1273,507,508
1273,508,509
1273,510,511
1273,511,512
1273,512,513
1273,513,514
1273,514,515
1273,515,516
1273,516,517
1273,517,518
1273,518,519
1273,519,520
1273,520,521
1273,521,522
1273,522,523
1273,523,524
1273,524,525
1273,525,526
1273,526,527
1273,527,528
1273,528,529
1273,529,530
1273,530,531
1273,531,532
1273,532,533
1273,533,534
1273,534,535
1273,535,536
1273,537,538
1273,538,539
1273,539,540
1273,540,541
1273,541,542
1273,542,543
1273,543,544
1273,544,545
1273,545,546
1273,546,547
1273,547,548
1273,548,549
1273,549,550
1273,550,551
1273,551,552
1273,552,553
1273,553,554
1273,554,555
1273,555,556
1273,556,557
1273,557,558
1273,558,559
1273,559,560
1273,560,561
1273,561,562
1273,562,563
1273,563,564
1273,564,565
1273,565,566
1273,566,567
1273,567,568
1273,568,569
1273,569,570
1273,570,571
1273,571,572
1273,572,573
1273,573,574
1273,574,575
1273,575,576
1273,576,577
1273,577,578
1273,578,579
1273,579,580
1273,580,581
1273,581,582
1273,582,583
1273,583,584
1273,584,585
1273,585,586
1273,586,587
1273,587,588
1273,588,589
1273,589,590
1273,590,591
1274,591,592
1274,592,593
1274,593,594
1274,594,595
1274,595,596
1274,596,597
1274,597,598
1274,598,599
1274,599,600
1274,600,601
1274,601,602
1274,602,603
1274,603,604
1274,604,605
1274,605,606
1274,606,607
1274,607,608
1275,609,610
231,610,611
232,611,612
233,612,613
234,613,614
235,614,615
236,615,616
237,616,617
238,617,618
1276,618,619
239,619,620
240,620,621
241,621,622
242,622,623
242,623,624
242,624,625
1277,625,626
243,626,627
244,627,628
245,628,629
1278,629,630
1278,630,631
246,631,632
247,632,633
248,633,634
1279,634,635
1279,635,636
1280,636,637
1280,637,638
249,638,639
249,639,640
250,640,641
250,641,642
251,642,643
252,643,644
253,644,645
254,645,646
255,646,647
256,647,648
257,648,649
1281,649,650
258,650,651
259,651,652
260,652,653
261,653,654
262,654,655
263,655,656
264,656,657
265,657,658
266,658,659
267,659,660
268,660,661
269,661,662
269,662,663
270,663,664
271,664,665
272,665,666
272,666,667
273,667,668
274,668,669
275,669,670
1282,670,671
1283,671,672
1284,672,673
1284,673,674
1285,674,675
276,675,676
277,676,677
1286,677,678
1286,678,679
278,679,680
278,680,681
278,681,682
278,682,683
279,683,684
281,685,686
282,686,687
283,687,688
284,688,689
285,689,690
286,690,691
286,691,692
286,692,693
288,693,694
289,694,695
290,695,696
291,696,697
292,697,698
292,698,699
292,699,700
293,700,701
294,701,702
295,702,703
296,703,704
297,704,705
298,705,706
299,706,707
300,707,708
301,708,709
302,709,710
303,710,711
304,711,712
305,712,713
306,713,714
306,714,715
306,715,716
307,716,717
308,717,718
309,718,719
310,719,720
311,720,721
312,721,722
313,722,723
313,723,724
314,724,725
315,725,726
316,726,727
317,727,728
1287,728,729
318,729,730
319,730,731
319,731,732
320,732,733
319,733,734
321,734,735
322,735,736
323,736,737
1288,737,738
1288,738,739
1288,739,740
324,740,741
325,741,742
326,742,743
327,744,745
328,745,746
329,746,747
330,747,748
331,748,749
332,749,750
333,750,751
334,751,752
335,752,753
335,753,754
335,754,755
336,755,756
337,756,757
338,757,758
339,758,759
340,759,760
341,760,761
342,761,762
343,762,763
1289,763,764
1289,764,765
1289,765,766
1289,766,767
1289,767,768
1289,768,769
344,769,770
345,770,771
346,771,772
347,772,773
348,773,774
349,774,775
350,775,776
351,776,777
352,777,778
353,778,779
354,779,780
355,780,781
356,781,782
357,782,783
358,783,784
358,784,785
358,785,786
358,786,787
358,787,788
359,788,789
360,789,790
361,790,791
362,791,792
363,792,793
364,793,794
364,794,795
365,795,796
366,796,797
367,797,798
368,798,799
368,800,801
369,801,802
370,802,803
370,803,804
371,804,805
372,805,806
373,806,807
373,807,808
374,808,809
374,809,810
374,810,811
375,811,812
376,812,813
377,813,814
1291,814,815
378,815,816
379,816,817
380,818,819
381,819,820
382,820,821
382,821,822
383,822,823
384,823,824
385,824,825
386,825,826
387,826,827
387,827,828
387,828,829
388,829,830
389,830,831
390,831,832
391,832,833
392,833,834
1292,834,835
393,835,836
394,836,837
395,837,838
396,838,839
397,839,840
398,840,841
399,841,842
399,842,843
400,843,844
401,844,845
402,845,846
403,846,847
404,847,848
405,848,849
406,849,850
407,850,851
408,851,852
409,852,853
1293,853,854
410,854,855
411,855,856
412,856,857
412,857,858
413,858,859
413,859,860
413,860,861
413,861,862
413,862,863
413,863,864
413,864,865
413,865,866
413,866,867
413,867,868
413,868,869
413,869,870
413,870,871
414,871,872
415,872,873
416,873,874
417,874,875
417,875,876
418,876,877
419,877,878
419,878,879
419,879,880
420,880,881
421,881,882
422,882,883
423,883,884
424,884,885
425,885,886
426,886,887
427,887,888
428,888,889
429,889,890
429,890,891
429,891,892
429,892,893
430,893,894
431,894,895
432,895,896
433,896,897
433,897,898
433,898,899
433,899,900
434,900,901
435,901,902
436,902,903
437,903,904
438,904,905
439,905,906
439,906,907
439,907,908
440,908,909
441,909,910
442,910,911
443,911,912
444,912,913
445,913,914
446,914,915
447,915,916
448,916,917
449,917,918
451,919,920
452,920,921
452,921,922
453,922,923
454,923,924
455,924,925
456,925,926
457,926,927
458,927,928
459,928,929
460,929,930
461,930,931
462,931,932
463,932,933
1294,933,934
1294,934,935
464,935,936
465,936,937
465,937,938
466,938,939
467,939,940
468,940,941
469,941,942
470,942,943
471,943,944
472,944,945
473,945,946
474,946,947
475,947,948
476,948,949
476,949,950
477,950,951
478,951,952
479,952,953
480,953,954
481,954,955
482,955,956
483,956,957
484,957,958
1389,958,959
486,959,960
487,960,961
488,961,962
489,962,963
490,963,964
490,964,965
491,965,966
492,966,967
492,967,968
492,968,969
493,969,970
1295,970,971
1295,971,972
494,972,973
495,973,974
496,974,975
497,975,976
497,976,977
498,977,978
499,978,979
500,979,980
501,980,981
502,981,982
503,982,983
504,983,984
505,984,985
505,985,986
505,986,987
506,987,988
507,988,989
1296,989,990
1296,990,991
1296,991,992
1296,992,993
1296,993,994
1296,994,995
1296,995,996
1296,996,997
1296,997,998
508,998,999
509,999,1000
510,1000,1001
511,1001,1002
512,1002,1003
513,1003,1004
514,1004,1005
514,1005,1006
514,1006,1007
515,1007,1008
516,1008,1009
516,1009,1010
517,1010,1011
1297,1011,1012
1297,1012,1013
518,1013,1014
519,1014,1015
520,1015,1016
521,1016,1017
522,1017,1018
523,1018,1019
524,1019,1020
525,1020,1021
526,1021,1022
527,1022,1023
528,1023,1024
529,1024,1025
530,1025,1026
530,1026,1027
531,1027,1028
532,1028,1029
533,1029,1030
534,1030,1031
535,1031,1032
536,1032,1033
536,1033,1034
536,1034,1035
537,1035,1036
538,1036,1037
539,1037,1038
540,1038,1039
541,1039,1040
542,1040,1041
543,1041,1042
544,1042,1043
545,1043,1044
546,1044,1045
546,1045,1046
547,1046,1047
548,1047,1048
1298,1048,1049
1298,1049,1050
1299,1050,1051
1300,1051,1052
1300,1052,1053
1300,1053,1054
1300,1054,1055
1300,1055,1056
1301,1056,1057
1301,1057,1058
1301,1058,1059
1302,1059,1060
1303,1060,1061
1304,1061,1062
1304,1062,1063
549,1063,1064
549,1064,1065
550,1065,1066
1305,1066,1067
1306,1067,1068
1306,1068,1069
1307,1069,1070
1307,1070,1071
1307,1071,1072
1307,1072,1073
1307,1073,1074
1307,1074,1075
1307,1075,1076
1307,1076,1077
1307,1077,1078
1307,1078,1079
1307,1079,1080
1307,1080,1081
1308,1081,1082
1309,1082,1083
551,1083,1084
1310,1084,1085
552,1085,1086
1311,1086,1087
553,1087,1088
554,1088,1089
555,1089,1090
555,1090,1091
556,1091,1092
557,1092,1093
558,1093,1094
559,1094,1095
560,1095,1096
561,1096,1097
562,1097,1098
563,1098,1099
564,1099,1100
565,1100,1101
1312,1101,1102
566,1102,1103
567,1103,1104
568,1104,1105
569,1105,1106
569,1106,1107
569,1107,1108
570,1108,1109
570,1109,1110
571,1110,1111
572,1111,1112
573,1112,1113
574,1113,1114
575,1114,1115
576,1115,1116
577,1116,1117
578,1117,1118
579,1118,1119
580,1119,1120
581,1120,1121
582,1121,1122
583,1122,1123
584,1123,1124
585,1124,1125
586,1125,1126
587,1126,1127
588,1127,1128
589,1128,1129
590,1129,1130
590,1130,1131
591,1131,1132
592,1132,1133
592,1133,1134
593,1134,1135
594,1135,1136
595,1136,1137
596,1137,1138
597,1138,1139
598,1139,1140
599,1140,1141
600,1141,1142
601,1142,1143
602,1143,1144
603,1144,1145
604,1145,1146
1313,1146,1147
605,1147,1148
606,1148,1149
606,1149,1150
606,1150,1151
606,1151,1152
606,1152,1153
607,1153,1154
608,1154,1155
609,1155,1156
610,1156,1157
611,1157,1158
612,1158,1159
613,1159,1160
614,1160,1161
615,1161,1162
616,1162,1163
617,1163,1164
1064,1164,1165
618,1165,1166
619,1166,1167
619,1167,1168
620,1168,1169
621,1169,1170
621,1170,1171
622,1171,1172
623,1172,1173
624,1173,1174
625,1174,1175
626,1175,1176
627,1176,1177
627,1177,1178
628,1178,1179
629,1179,1180
630,1180,1181
631,1181,1182
631,1182,1183
632,1183,1184
633,1184,1185
634,1185,1186
635,1186,1187
636,1187,1188
637,1188,1189
638,1189,1190
639,1190,1191
639,1191,1192
640,1192,1193
641,1193,1194
642,1194,1195
643,1195,1196
644,1196,1197
645,1197,1198
646,1198,1199
647,1199,1200
648,1200,1201
649,1201,1202
650,1202,1203
651,1203,1204
652,1204,1205
653,1205,1206
654,1206,1207
655,1207,1208
656,1208,1209
657,1209,1210
658,1210,1211
659,1211,1212
660,1212,1213
661,1213,1214
663,1215,1216
664,1216,1217
665,1217,1218
666,1218,1219
667,1219,1220
668,1220,1221
669,1221,1222
670,1222,1223
670,1223,1224
671,1224,1225
672,1225,1226
673,1226,1227
674,1227,1228
675,1228,1229
676,1229,1230
677,1230,1231
677,1231,1232
678,1232,1233
679,1233,1234
680,1234,1235
681,1235,1236
682,1236,1237
683,1237,1238
684,1238,1239
685,1239,1240
686,1240,1241
687,1241,1242
688,1242,1243
689,1243,1244
690,1244,1245
691,1245,1246
692,1246,1247
693,1247,1248
694,1248,1249
695,1249,1250
695,1250,1251
696,1251,1252
697,1252,1253
698,1253,1254
699,1254,1255
700,1255,1256
701,1256,1257
702,1257,1258
703,1258,1259
704,1260,1261
705,1261,1262
706,1262,1263
706,1263,1264
706,1264,1265
707,1265,1266
707,1266,1267
708,1267,1268
709,1268,1269
710,1269,1270
710,1270,1271
711,1271,1272
712,1272,1273
713,1273,1274
714,1274,1275
715,1275,1276
716,1276,1277
717,1277,1278
1314,1278,1279
1314,1279,1280
1314,1280,1281
718,1281,1282
719,1282,1283
720,1283,1284
721,1284,1285
721,1285,1286
1095,1286,1287
723,1287,1288
724,1288,1289
724,1289,1290
724,1290,1291
724,1291,1292
724,1292,1293
725,1293,1294
726,1294,1295
727,1295,1296
728,1296,1297
729,1297,1298
730,1298,1299
731,1299,1300
732,1300,1301
733,1301,1302
733,1302,1303
734,1303,1304
735,1304,1305
735,1305,1306
735,1306,1307
735,1307,1308
735,1308,1309
736,1309,1310
737,1310,1311
738,1311,1312
739,1312,1313
740,1313,1314
741,1314,1315
742,1315,1316
742,1316,1317
742,1317,1318
743,1318,1319
744,1319,1320
745,1320,1321
746,1321,1322
747,1322,1323
747,1323,1324
748,1324,1325
749,1325,1326
750,1326,1327
750,1327,1328
751,1328,1329
752,1329,1330
752,1330,1331
753,1331,1332
1315,1332,1333
1315,1333,1334
754,1334,1335
754,1335,1336
755,1336,1337
756,1337,1338
757,1338,1339
758,1339,1340
759,1340,1341
760,1341,1342
761,1342,1343
762,1343,1344
763,1344,1345
764,1345,1346
765,1346,1347
766,1347,1348
767,1348,1349
768,1349,1350
769,1350,1351
770,1351,1352
771,1352,1353
771,1353,1354
772,1354,1355
773,1355,1356
774,1356,1357
775,1357,1358
776,1358,1359
777,1359,1360
1316,1360,1361
1317,1361,1362
1318,1362,1363
1318,1363,1364
1318,1364,1365
1318,1365,1366
1318,1366,1367
1318,1367,1368
1318,1368,1369
1318,1369,1370
1318,1370,1371
1318,1371,1372
1318,1372,1373
1318,1373,1374
1318,1374,1375
1318,1375,1376
1318,1376,1377
1318,1377,1378
1318,1378,1379
1318,1379,1380
1318,1380,1381
1318,1381,1382
1318,1382,1383
1318,1383,1384
1318,1384,1385
1318,1385,1386
1318,1386,1387
1318,1387,1388
1318,1388,1389
1318,1389,1390
1318,1390,1391
1318,1391,1392
1318,1392,1393
1318,1393,1394
1318,1394,1395
1318,1395,1396
1318,1396,1397
1318,1397,1398
1318,1398,1399
1318,1399,1400
1318,1400,1401
1318,1401,1402
1318,1402,1403
1318,1403,1404
1318,1404,1405
1318,1405,1406
1318,1406,1407
1318,1407,1408
1318,1408,1409
1318,1409,1410
1318,1410,1411
1318,1411,1412
1318,1412,1413
1318,1413,1414
1318,1414,1415
1318,1415,1416
1318,1416,1417
1318,1417,1418
1318,1418,1419
1318,1419,1420
1318,1420,1421
1318,1421,1422
1318,1422,1423
1318,1423,1424
1318,1424,1425
1318,1425,1426
1318,1426,1427
1318,1427,1428
778,1428,1429
779,1429,1430
780,1430,1431
781,1431,1432
782,1432,1433
783,1433,1434
783,1434,1435
783,1435,1436
783,1436,1437
783,1437,1438
784,1438,1439
1319,1439,1440
785,1440,1441
786,1441,1442
787,1442,1443
788,1443,1444
789,1444,1445
790,1445,1446
791,1446,1447
792,1447,1448
793,1448,1449
794,1449,1450
794,1450,1451
795,1451,1452
796,1452,1453
797,1453,1454
798,1454,1455
799,1455,1456
800,1456,1457
801,1457,1458
802,1458,1459
803,1459,1460
804,1460,1461
805,1461,1462
806,1462,1463
807,1463,1464
808,1464,1465
809,1465,1466
810,1466,1467
811,1467,1468
812,1468,1469
813,1469,1470
814,1470,1471
815,1471,1472
815,1472,1473
816,1473,1474
817,1474,1475
818,1475,1476
818,1476,1477
818,1477,1478
819,1478,1479
820,1479,1480
821,1480,1481
1942,1481,1482
822,1482,1483
823,1483,1484
824,1484,1485
1321,1485,1486
1321,1486,1487
825,1487,1488
1322,1488,1489
1322,1489,1490
826,1490,1491
827,1491,1492
828,1492,1493
829,1493,1494
830,1494,1495
831,1495,1496
831,1496,1497
831,1497,1498
832,1498,1499
832,1499,1500
832,1500,1501
832,1501,1502
832,1502,1503
832,1503,1504
833,1504,1505
834,1505,1506
835,1506,1507
835,1507,1508
836,1508,1509
837,1509,1510
837,1510,1511
837,1511,1512
838,1512,1513
839,1513,1514
1323,1514,1515
1324,1515,1516
840,1516,1517
841,1517,1518
842,1518,1519
843,1519,1520
844,1520,1521
845,1521,1522
846,1522,1523
847,1523,1524
847,1524,1525
848,1525,1526
849,1526,1527
850,1527,1528
850,1528,1529
850,1529,1530
850,1530,1531
850,1531,1532
851,1532,1533
852,1533,1534
853,1534,1535
854,1535,1536
855,1536,1537
856,1537,1538
857,1538,1539
858,1539,1540
859,1540,1541
1325,1541,1542
860,1542,1543
861,1543,1544
861,1544,1545
862,1545,1546
863,1546,1547
863,1547,1548
864,1548,1549
865,1549,1550
1326,1550,1551
1326,1551,1552
1326,1552,1553
1326,1553,1554
1326,1554,1555
866,1555,1556
868,1557,1558
869,1558,1559
869,1559,1560
870,1560,1561
871,1561,1562
872,1562,1563
873,1563,1564
874,1564,1565
875,1565,1566
876,1566,1567
876,1567,1568
877,1568,1569
878,1569,1570
879,1570,1571
880,1571,1572
881,1572,1573
882,1573,1574
883,1574,1575
884,1575,1576
884,1576,1577
885,1578,1579
886,1579,1580
887,1580,1581
888,1581,1582
889,1582,1583
890,1583,1584
890,1584,1585
891,1585,1586
891,1586,1587
891,1587,1588
892,1588,1589
892,1589,1590
893,1590,1591
894,1591,1592
895,1592,1593
895,1593,1594
895,1594,1595
895,1595,1596
896,1596,1597
897,1597,1598
897,1598,1599
898,1599,1600
899,1600,1601
900,1601,1602
901,1602,1603
902,1603,1604
903,1604,1605
904,1605,1606
905,1606,1607
906,1607,1608
907,1608,1609
908,1609,1610
909,1610,1611
1327,1612,1613
1328,1613,1614
910,1614,1615
911,1615,1616
912,1616,1617
913,1617,1618
914,1618,1619
3,1619,1620
3,1620,1621
916,1621,1622
916,1622,1623
916,1623,1624
916,1624,1625
916,1625,1626
917,1626,1627
918,1627,1628
919,1628,1629
920,1629,1630
921,1630,1631
922,1631,1632
1329,1632,1633
1329,1633,1634
1329,1634,1635
1329,1635,1636
1329,1636,1637
923,1637,1638
1330,1638,1639
924,1639,1640
1331,1640,1641
1331,1641,1642
1331,1642,1643
1331,1643,1644
1331,1644,1645
1331,1645,1646
1331,1646,1647
1331,1647,1648
1331,1648,1649
1331,1649,1650
1331,1650,1651
1331,1651,1652
1331,1652,1653
1331,1653,1654
1331,1654,1655
1331,1655,1656
1332,1656,1657
925,1657,1658
926,1658,1659
927,1659,1660
928,1660,1661
929,1661,1662
930,1662,1663
930,1663,1664
931,1664,1665
932,1665,1666
933,1666,1667
934,1667,1668
935,1668,1669
936,1669,1670
937,1670,1671
938,1671,1672
939,1672,1673
940,1673,1674
1333,1674,1675
1333,1675,1676
1333,1676,1677
1333,1677,1678
1333,1678,1679
941,1679,1680
942,1680,1681
943,1681,1682
943,1682,1683
944,1683,1684
944,1684,1685
945,1685,1686
945,1686,1687
946,1687,1688
947,1688,1689
948,1689,1690
949,1690,1691
950,1691,1692
951,1692,1693
951,1693,1694
952,1694,1695
953,1695,1696
954,1696,1697
955,1697,1698
956,1698,1699
957,1699,1700
958,1700,1701
958,1701,1702
959,1702,1703
960,1705,1706
960,1706,1707
961,1707,1708
962,1708,1709
963,1709,1710
964,1710,1711
965,1711,1712
965,1712,1713
965,1713,1714
965,1714,1715
966,1715,1716
967,1716,1717
968,1717,1718
969,1718,1719
970,1719,1720
971,1720,1721
972,1721,1722
973,1722,1723
974,1723,1724
974,1724,1725
975,1725,1726
976,1726,1727
977,1727,1728
978,1728,1729
979,1729,1730
980,1730,1731
981,1731,1732
982,1732,1733
983,1733,1734
984,1734,1735
984,1735,1736
984,1736,1737
985,1737,1738
986,1738,1739
987,1739,1740
988,1740,1741
989,1741,1742
989,1742,1743
989,1743,1744
989,1744,1745
989,1745,1746
989,1746,1747
990,1747,1748
991,1748,1749
991,1749,1750
991,1750,1751
992,1751,1752
993,1752,1753
,1753,1754
1334,1754,1755
1334,1755,1756
1334,1756,1757
1334,1757,1758
1334,1759,1760
1334,1760,1761
1334,1761,1762
1334,1762,1763
1334,1763,1764
1334,1764,1765
1334,1765,1766
1334,1766,1767
1334,1767,1768
1334,1768,1769
1334,1769,1770
1334,1770,1771
1334,1771,1772
1334,1772,1773
1334,1773,1774
1334,1774,1775
1334,1775,1776
1334,1776,1777
994,1777,1778
995,1778,1779
996,1779,1780
997,1780,1781
997,1782,1783
998,1783,1784
999,1784,1785
1000,1785,1786
1001,1786,1787
1002,1787,1788
1003,1788,1789
1004,1789,1790
1005,1790,1791
1006,1791,1792
1007,1792,1793
1008,1793,1794
1009,1794,1795
1010,1795,1796
1011,1796,1797
1011,1797,1798
1335,1798,1799
1335,1799,1800
1335,1800,1801
1335,1801,1802
1335,1802,1803
1335,1803,1804
1012,1804,1805
1013,1805,1806
1013,1806,1807
1013,1807,1808
1014,1808,1809
1015,1809,1810
1016,1810,1811
1017,1811,1812
1018,1812,1813
1018,1813,1814
1019,1814,1815
1020,1815,1816
1021,1816,1817
1021,1817,1818
1021,1818,1819
1021,1819,1820
1022,1820,1821
1023,1821,1822
1024,1822,1823
1026,1824,1825
1027,1825,1826
1028,1826,1827
1029,1827,1828
1030,1828,1829
1031,1829,1830
1032,1830,1831
1033,1831,1832
1033,1832,1833
1034,1833,1834
1035,1834,1835
1036,1835,1836
1037,1836,1837
1038,1837,1838
1039,1838,1839
1040,1839,1840
1040,1840,1841
1041,1841,1842
1042,1842,1843
1043,1843,1844
1044,1844,1845
1045,1845,1846
1045,1846,1847
1046,1847,1848
1047,1848,1849
1048,1849,1850
1336,1850,1851
1049,1851,1852
1337,1852,1853
1337,1853,1854
1337,1854,1855
1337,1855,1856
1050,1856,1857
1050,1857,1858
1050,1858,1859
1051,1859,1860
1052,1860,1861
1053,1861,1862
1054,1862,1863
1055,1863,1864
1056,1864,1865
1057,1865,1866
1058,1866,1867
1058,1867,1868
1058,1868,1869
1059,1869,1870
1059,1870,1871
1338,1871,1872
1060,1872,1873
1061,1873,1874
1062,1874,1875
1063,1875,1876
1064,1876,1877
1064,1877,1878
1064,1878,1879
1065,1880,1881
1066,1881,1882
1067,1882,1883
1068,1883,1884
1069,1884,1885
1339,1885,1886
1070,1886,1887
1071,1887,1888
1072,1888,1889
1073,1889,1890
1074,1890,1891
1075,1891,1892
1076,1892,1893
1077,1893,1894
1078,1894,1895
1340,1895,1896
1341,1896,1897
1341,1897,1898
1341,1898,1899
1341,1899,1900
1341,1900,1901
1341,1901,1902
1341,1902,1903
1341,1903,1904
1341,1904,1905
1341,1905,1906
1341,1906,1907
1341,1907,1908
1341,1908,1909
1341,1909,1910
1341,1910,1911
1341,1911,1912
1341,1912,1913
1341,1913,1914
1341,1914,1915
1341,1915,1916
1341,1916,1917
1341,1917,1918
1341,1918,1919
1341,1919,1920
1341,1920,1921
1341,1921,1922
1341,1922,1923
1341,1923,1924
1341,1924,1925
1341,1925,1926
1341,1926,1927
1341,1927,1928
1341,1928,1929
1341,1929,1930
1341,1930,1931
1341,1931,1932
1341,1932,1933
1341,1933,1934
1341,1934,1935
1341,1935,1936
1341,1936,1937
1341,1937,1938
1341,1938,1939
1341,1939,1940
1341,1940,1941
1342,1941,1942
1343,1942,1943
1343,1943,1944
1343,1944,1945
1343,1945,1946
1343,1946,1947
1343,1947,1948
1343,1948,1949
1343,1949,1950
1343,1950,1951
1343,1951,1952
1343,1952,1953
1343,1953,1954
1343,1954,1955
1343,1955,1956
1343,1956,1957
1343,1957,1958
1343,1958,1959
1343,1959,1960
1343,1960,1961
1343,1961,1962
1343,1962,1963
1343,1963,1964
1343,1964,1965
1343,1965,1966
1343,1966,1967
1343,1967,1968
1343,1968,1969
1343,1969,1970
1343,1970,1971
1343,1971,1972
1343,1972,1973
1343,1973,1974
1343,1974,1975
1343,1975,1976
1343,1976,1977
1343,1977,1978
1343,1978,1979
1343,1979,1980
1343,1980,1981
1343,1981,1982
1343,1982,1983
1343,1983,1984
1343,1984,1985
1343,1985,1986
1343,1986,1987
1343,1987,1988
1343,1988,1989
1343,1989,1990
1343,1990,1991
1343,1991,1992
1343,1992,1993
1343,1993,1994
1343,1994,1995
1343,1995,1996
1343,1996,1997
1343,1997,1998
1343,1998,1999
1343,1999,2000
1343,2000,2001
1343,2001,2002
1343,2002,2003
1343,2003,2004
1343,2004,2005
1343,2005,2006
1343,2006,2007
1343,2007,2008
1343,2008,2009
1343,2009,2010
1343,2010,2011
1079,2011,2012
1080,2012,2013
1081,2013,2014
1082,2014,2015
1344,2015,2016
1083,2016,2017
1084,2017,2018
1085,2018,2019
1085,2019,2020
1086,2020,2021
1087,2021,2022
1088,2022,2023
1089,2023,2024
1089,2024,2025
1090,2025,2026
1345,2026,2027
1346,2027,2028
1091,2028,2029
1092,2029,2030
1093,2030,2031
1094,2031,2032
1393,2032,2033
1095,2033,2034
1095,2034,2035
1095,2035,2036
1096,2036,2037
1097,2037,2038
1097,2038,2039
1097,2039,2040
1347,2040,2041
1348,2041,2042
1348,2042,2043
1349,2043,2044
1350,2044,2045
1351,2045,2046
1351,2046,2047
1351,2047,2048
1351,2048,2049
1351,2049,2050
1351,2050,2051
1351,2051,2052
1098,2052,2053
1099,2053,2054
1100,2054,2055
1101,2055,2056
1102,2056,2057
1103,2057,2058
1104,2058,2059
1105,2059,2060
1106,2060,2061
1107,2061,2062
1108,2062,2063
1109,2063,2064
1110,2064,2065
1111,2065,2066
1112,2066,2067
1113,2067,2068
1114,2068,2069
1115,2069,2070
1352,2070,2071
1116,2071,2072
1117,2072,2073
1353,2073,2074
1118,2074,2075
1119,2075,2076
1120,2076,2077
1121,2077,2078
1122,2078,2079
1123,2079,2080
1124,2080,2081
1125,2081,2082
1126,2082,2083
1127,2083,2084
1128,2084,2085
1129,2085,2086
1130,2086,2087
1131,2087,2088
1131,2088,2089
1132,2089,2090
1133,2090,2091
1134,2091,2092
1135,2092,2093
1136,2093,2094
1137,2094,2095
1138,2095,2096
1139,2096,2097
1140,2097,2098
1141,2098,2099
1142,2099,2100
1143,2100,2101
1144,2101,2102
1145,2102,2103
1146,2103,2104
1354,2104,2105
1148,2106,2107
1149,2107,2108
1150,2108,2109
1151,2109,2110
1152,2110,2111
1153,2111,2112
1154,2112,2113
1155,2113,2114
1156,2114,2115
1157,2115,2116
1158,2116,2117
1159,2117,2118
1159,2118,2119
1160,2119,2120
1160,2120,2121
1161,2121,2122
1162,2122,2123
1162,2123,2124
1163,2124,2125
1164,2125,2126
1165,2126,2127
1166,2127,2128
1167,2128,2129
1168,2129,2130
1168,2130,2131
1169,2131,2132
1170,2132,2133
1171,2133,2134
1172,2134,2135
1173,2135,2136
1174,2136,2137
1175,2137,2138
1176,2138,2139
1177,2139,2140
1178,2140,2141
1179,2141,2142
1179,2142,2143
1180,2143,2144
1181,2144,2145
1182,2145,2146
1183,2146,2147
1184,2147,2148
1185,2148,2149
1186,2149,2150
1187,2150,2151
1188,2151,2152
1189,2152,2153
1190,2153,2154
1191,2154,2155
1192,2155,2156
1193,2156,2157
1194,2157,2158
1194,2158,2159
1195,2159,2160
1196,2160,2161
1197,2161,2162
1198,2162,2163
1199,2163,2164
1200,2164,2165
1201,2165,2166
1202,2166,2167
1203,2167,2168
1204,2168,2169
1205,2169,2170
1206,2170,2171
1207,2171,2172
1208,2172,2173
1209,2173,2174
1210,2174,2175
1210,2175,2176
1210,2176,2177
1210,2177,2178
1211,2178,2179
1212,2179,2180
1213,2180,2181
1355,2181,2182
1355,2182,2183
1355,2183,2184
1355,2184,2185
1355,2185,2186
1356,2186,2187
1214,2187,2188
1215,2188,2189
1215,2189,2190
1215,2190,2191
1216,2191,2192
1217,2192,2193
1218,2193,2194
1219,2194,2195
1220,2195,2196
1220,2196,2197
1221,2197,2198
1222,2198,2199
1223,2199,2200
1224,2200,2201
1225,2201,2202
1225,2202,2203
1226,2203,2204
1227,2204,2205
1228,2205,2206
1229,2206,2207
1230,2207,2208
1357,2208,2209
1357,2209,2210
1358,2210,2211
1358,2211,2212
1359,2212,2213
1361,2213,2214
1361,2214,2215
1361,2215,2216
1362,2216,2217
1231,2217,2218
1231,2218,2219
1232,2219,2220
1233,2220,2221
1363,2221,2222
1234,2222,2223
1235,2223,2224
1235,2224,2225
1236,2225,2226
1237,2226,2227
1238,2227,2228
1239,2228,2229
1240,2229,2230
1242,2231,2232
1243,2232,2233
1243,2233,2234
1243,2234,2235
1244,2235,2236
1364,2236,2237
1245,2237,2238
1245,2238,2239
1365,2239,2240
1366,2240,2241
1246,2241,2242
1247,2242,2243
,2260,1
,2261,2
,2262,3
,2263,4
,2264,5
,2267,8
,2268,9
,2269,10
,2270,11
,2271,12
,2272,13
,2273,14
,2274,15
,2275,16
,2276,17
,2277,18
,2278,19
,2279,20
,2280,21
,2281,22
,2282,23
,2284,25
,2285,26
,2286,27
,2287,28
,2288,29
,2289,30
2011,2290,31
2011,2291,32
,2292,33
,2293,34
,2294,35
2249,2295,36
,2296,37
,2297,38
,2298,39
1368,2299,878
485,2300,913
816,2301,913
1370,2302,1135
1371,2303,1135
1372,2304,751
1373,2305,751
1374,2306,751
1375,2307,799
1376,2308,799
1377,2309,799
1375,2313,801
1376,2314,801
1377,2315,801
1378,2316,469
1,2317,1165
2,2318,186
3,2319,186
4,2320,186
966,2321,186
1250,2322,191
1248,2323,107
1249,2324,107
1089,2326,1024
1379,2327,1024
1380,2328,2087
996,2329,1877
526,2330,1877
1051,2331,1877
1381,2332,1877
1382,2333,1877
1383,2334,624
1384,2335,624
1385,2336,624
1383,2337,625
1384,2338,625
1385,2339,625
1386,2340,625
1387,2341,625
1390,2342,1729
1391,2343,1112
1392,2344,1789
1393,2345,1789
1394,2346,2094
1395,2347,2094
1396,2348,162
517,2349,950
1397,2350,695
1398,2351,695
,2352,695
1400,2353,1830
1401,2354,2149
1402,2355,1527
413,2356,1323
1403,2357,1483
1404,2358,1483
1405,2359,2077
1406,2360,1845
1407,2361,1444
1408,2362,1444
1409,2363,465
1410,2364,999
1411,2365,999
1412,2366,999
1413,2367,999
1414,2368,999
1170,2369,723
1415,2370,779
1417,2371,779
1418,2372,1255
1419,2373,848
209,2374,848
209,2375,437
1420,2376,1579
1421,2377,199
1422,2378,199
1215,2379,1226
672,2380,2189
1423,2381,2146
1424,2382,2146
1425,2383,1661
1426,2384,2063
325,2385,1524
1427,2386,897
346,2387,1114
1428,2388,853
1430,2389,613
1431,2390,757
1432,2391,1358
1433,2392,676
1435,2393,48
1436,2394,782
1437,2395,782
590,2396,1583
217,2397,944
963,2398,944
1438,2399,944
1439,2400,944
1440,2401,932
1441,2402,352
1153,2403,352
1443,2404,2112
1441,2405,2112
1444,2406,1346
1445,2407,1346
1446,2408,629
1447,2409,441
1448,2410,441
1449,2411,1850
1451,2412,1230
1452,2413,812
1453,2414,1460
1454,2415,1460
1455,2416,1193
1456,2417,1193
1457,2418,1193
1458,2419,1193
1459,2420,1193
1460,2421,1193
1461,2422,1193
1468,2423,160
1469,2424,397
1472,2428,174
1473,2429,1299
1474,2430,745
1475,2431,1703
1476,2432,1703
1477,2433,1670
1478,2434,1257
1482,2435,758
1483,2436,758
1484,2437,758
1426,2438,1240
1485,2439,1240
1486,2440,1185
1487,2441,1185
1488,2442,467
1489,2443,1048
1490,2444,1287
1491,2445,1546
1492,2446,1546
1493,2447,1805
1494,2448,1673
1495,2449,1673
1496,2450,1219
1497,2451,1130
1498,2452,1130
1499,2453,1218
1500,2454,665
1501,2455,665
1502,2456,665
1503,2457,756
1504,2458,756
1490,2459,2033
1505,2460,1513
715,2461,1092
1506,2462,1092
1507,2463,810
356,2464,810
1508,2465,810
1509,2466,886
1510,2467,323
1511,2468,381
1512,2469,1040
1513,2470,1268
1514,2471,1268
1515,2472,834
1516,2473,1208
1109,2474,1674
1517,2475,1674
1517,2476,2064
1518,2477,2064
1009,2478,1109
,2479,1881
1520,2480,2013
1521,2481,2013
1522,2482,2013
1523,2483,1261
1524,2484,1749
1525,2485,1862
1526,2486,830
1527,2487,183
1486,2488,714
1528,2489,438
1529,2490,438
1530,2491,611
1531,2492,611
821,2493,611
1532,2494,226
1533,2495,1227
753,2496,197
326,2497,70
1534,2498,803
1490,2499,2034
1535,2500,148
1536,2501,798
1537,2502,798
1538,2503,1231
1539,2504,1231
1538,2505,1232
1539,2506,1232
1540,2507,2082
1541,2508,681
1541,2509,682
1542,2510,1212
1543,2511,212
1545,2512,1340
1546,2513,936
1547,2514,47
1548,2515,1448
1549,2516,161
1550,2517,1619
1551,2518,1861
1552,2519,1750
1552,2520,1751
1553,2521,923
1555,2522,916
1556,2523,968
1557,2524,824
1188,2525,824
1558,2526,824
1133,2527,224
1040,2528,1743
1560,2529,715
1486,2530,715
1561,2531,711
1562,2532,1106
1562,2533,1107
1562,2534,1108
1563,2535,668
1564,2536,1582
1565,2537,170
476,2538,1011
374,2539,1011
1427,2540,898
1567,2542,1258
1568,2543,1709
1569,2544,1709
1570,2545,891
1570,2546,890
1570,2547,892
1571,2548,1272
1006,2549,1093
1021,2550,150
1573,2551,1541
1574,2552,2014
1575,2553,2014
1576,2554,2014
538,2555,850
1577,2556,1436
1578,2557,1630
1579,2558,1575
1580,2559,2058
778,2560,1430
1301,2561,1085
1581,2562,1085
1582,2563,1085
1333,2564,1085
153,2565,1698
1584,2566,1698
1585,2567,2174
1586,2568,1580
1587,2569,1580
1588,2570,2139
1589,2571,175
847,2572,1781
1590,2574,894
1591,2575,1206
1592,2576,1206
1593,2577,1160
1594,2578,1611
1595,2579,1431
233,2580,2138
1596,2581,2138
1134,2582,2138
1597,2583,797
1599,2584,46
1600,2585,1181
959,2586,1181
1601,2587,1663
1601,2588,1664
1602,2589,881
1603,2590,1198
1604,2591,1198
1605,2592,750
1606,2593,750
1607,2594,1741
1608,2595,844
400,2596,2199
1609,2597,113
1611,2598,113
1612,2599,113
723,2600,73
1613,2601,670
1614,2602,670
1615,2603,670
1616,2604,670
1617,2605,670
1618,2606,670
1619,2607,670
1620,2608,1288
398,2609,842
1621,2610,717
590,2611,1441
1622,2612,1712
1622,2613,1713
1623,2614,1008
1622,2615,1714
1622,2616,1715
1624,2617,943
1625,2618,943
1626,2619,943
1627,2620,943
1628,2621,943
1629,2622,943
1106,2623,943
1630,2624,943
1631,2625,862
1632,2626,862
1633,2627,862
1634,2628,804
1635,2629,1526
1636,2630,417
1637,2631,1589
1637,2632,1104
1638,2633,2168
1639,2634,2168
1640,2635,2168
567,2636,2168
1637,2637,2168
1641,2638,2168
1642,2639,2168
1643,2640,1668
1637,2641,1590
1644,2642,2163
1645,2643,338
1646,2644,383
1647,2645,383
1648,2646,383
1650,2647,383
1649,2648,383
1651,2649,383
1652,2650,2067
1653,2651,1576
328,2652,2132
1654,2653,856
1655,2654,192
1656,2655,192
1657,2656,192
1658,2657,1539
1659,2658,192
350,2659,192
1660,2660,192
1661,2661,192
1662,2662,192
1663,2664,2140
1664,2665,2140
1665,2666,2140
161,2667,863
1666,2668,65
1667,2669,65
1100,2670,948
1668,2671,1256
1669,2672,1256
1670,2673,1209
1671,2674,147
1672,2675,147
1673,2676,1359
1674,2677,184
1675,2678,1115
1507,2679,809
1676,2680,1025
1677,2681,2142
1678,2682,1875
1679,2683,1875
1680,2684,318
1681,2685,74
1682,2686,74
1683,2687,229
1684,2688,662
1685,2689,663
1686,2690,2164
1687,2691,1319
1688,2692,1304
1689,2693,917
1690,2694,1520
1691,2695,71
1693,2696,71
989,2697,1841
1694,2698,1222
1695,2699,359
1696,2700,90
1697,2701,90
1698,2702,90
1699,2703,90
1700,2704,90
1701,2705,90
1702,2706,90
318,2707,425
1703,2708,425
1704,2709,425
1705,2710,425
1706,2711,425
1707,2712,425
1708,2713,1207
1804,2714,1207
1804,2715,901
1710,2716,1628
1711,2717,1002
1712,2718,1660
13,2719,1660
1713,2720,1660
1714,2721,736
4,2722,1621
22,2723,2144
1013,2724,358
1715,2725,680
222,2726,680
1013,2727,680
1716,2728,1667
1717,2729,1667
1718,2730,172
1719,2731,172
989,2732,1840
1040,2733,1746
590,2734,1662
1720,2735,692
1721,2736,692
1722,2737,692
1723,2738,915
1724,2739,622
735,2740,151
942,2741,1808
1725,2742,2056
1726,2743,58
1470,2744,58
1727,2747,1133
1728,2748,1133
1727,2749,1134
1728,2750,1134
1729,2751,1134
832,2752,1134
1730,2753,2025
1731,2754,2025
1436,2755,2025
832,2756,2025
1732,2757,112
1733,2758,112
522,2759,112
1734,2760,112
1735,2761,1748
1736,2762,348
144,2763,1510
1737,2764,644
1738,2765,1598
1739,2766,1598
1740,2767,1124
835,2768,1249
1741,2769,1838
394,2770,1889
1743,2771,1829
284,2772,1341
941,2773,1341
596,2774,1819
1744,2775,1335
1745,2776,1691
1746,2777,1097
1693,2778,1451
1747,2779,1451
1748,2780,1451
1375,2781,1586
1749,2782,1586
1749,2783,1587
1375,2784,1587
1375,2785,1588
1749,2786,1588
1750,2787,87
1751,2788,87
1752,2789,796
1753,2790,796
1754,2791,1573
1755,2792,1573
1756,2793,659
1757,2794,2098
1758,2795,2098
1759,2796,223
1760,2797,223
1761,2798,1887
1762,2799,1266
1763,2800,1266
850,2801,210
1764,2802,1221
1765,2803,1221
1766,2804,1610
1767,2805,1610
1768,2806,1241
1769,2807,1241
1770,2808,391
1771,2809,2136
1772,2810,688
1773,2811,688
1774,2812,1182
1379,2813,1182
1775,2814,930
1776,2815,930
,2816,42
1778,2817,1892
304,2818,664
1779,2819,664
1780,2820,664
1540,2829,840
1789,2830,840
1653,2834,1577
1790,2835,1577
1791,2836,1577
1653,2837,937
1792,2838,946
1793,2839,1475
1794,2840,1680
1423,2841,1836
1795,2842,825
1796,2843,1894
1797,2844,1276
1798,2845,367
1799,2846,752
1800,2847,146
1801,2848,1778
1802,2849,1778
1803,2850,1778
1804,2851,1778
319,2852,733
1805,2853,733
1728,2854,660
1806,2855,373
1807,2856,373
1808,2857,612
1809,2858,612
717,2859,953
1810,2860,953
876,2861,1037
1811,2862,1037
832,2863,839
813,2864,657
1813,2865,1697
1814,2866,1697
1815,2867,1697
1816,2868,1697
1817,2869,205
1818,2870,615
40,2871,1000
1819,2872,1000
1819,2873,117
509,2874,117
1821,2875,1064
1822,2876,1064
1823,2877,86
1824,2878,86
1825,2879,1693
1826,2880,173
1827,2881,173
1828,2882,173
1829,2883,669
1830,2884,2160
1831,2885,447
1832,2886,846
1833,2887,353
1834,2888,1458
1835,2889,1458
1836,2890,1458
1838,2891,813
1839,2892,126
1840,2893,126
395,2894,126
1841,2895,126
1842,2896,126
1843,2897,1338
395,2898,230
1804,2899,164
1844,2900,1665
1845,2901,1665
1846,2902,707
1847,2903,707
1848,2904,2021
1849,2905,1606
1850,2906,802
1851,2907,1466
1852,2908,324
1853,2909,324
1854,2910,1321
1855,2911,1785
1856,2912,1723
1857,2913,1210
1858,2914,375
1859,2915,1485
1860,2916,1525
1861,2917,201
1862,2918,185
1863,2919,2130
1864,2920,78
1865,2921,1638
1866,2922,1684
1866,2923,1685
937,2924,1091
1867,2925,1091
1868,2926,741
1869,2927,1597
1870,2928,103
1871,2929,103
1186,2930,1869
1872,2931,703
1873,2932,460
1874,2933,1175
1149,2934,1175
1875,2935,1175
1876,2936,457
1877,2937,1286
1878,2938,1286
161,2939,1286
1879,2940,1813
1880,2941,1149
1880,2942,1150
1880,2943,1151
1880,2944,1152
1880,2945,1153
1881,2946,1356
1882,2947,983
1883,2948,345
1884,2949,345
1885,2950,345
1886,2951,345
1887,2952,761
1888,2953,887
1889,2954,188
1890,2955,63
1891,2956,2129
1089,2957,49
1892,2958,2024
1893,2959,1339
1894,2960,1186
1895,2961,1708
1896,2962,1708
1897,2963,2264
1898,2964,1154
1899,2965,1154
1900,2966,1155
107,2967,1155
286,2968,1161
1720,2969,1161
1902,2970,1172
1903,2971,1178
1904,2972,1188
1905,2973,1188
1906,2974,1195
1907,2975,1200
1908,2976,1200
1909,2977,1203
1910,2978,2266
1911,2979,2267
1912,2980,2267
1913,2981,2268
304,2982,1023
1914,2983,1023
1915,2984,1023
1916,2985,1023
1917,2986,843
1379,2987,843
1918,2988,2196
1919,2989,1456
1920,2990,1456
1921,2991,1456
1922,2992,1456
1923,2993,339
1924,2994,339
1490,2995,2035
1925,2996,1716
,2997,1716
1927,2998,973
1928,2999,1320
1929,3000,1320
1930,3001,1320
243,3002,1320
1931,3003,857
1932,3004,1831
1933,3005,1042
1934,3006,1042
1935,3007,1720
1936,3008,1720
1937,3009,1720
1938,3010,214
1939,3011,734
1940,3012,858
1941,3013,989
1943,3014,1482
1944,3015,1482
1945,3016,1482
1946,3017,1482
256,3018,793
1947,3019,793
1948,3020,793
1949,3021,1592
1950,3022,406
1951,3023,728
161,3024,865
1952,3025,777
1953,3026,777
1954,3027,777
1955,3028,777
1076,3029,777
847,3030,1783
1957,3031,1039
1958,3032,1788
1959,3033,693
1960,3034,693
1961,3035,364
1962,3036,1474
1963,3037,742
1964,3038,742
1965,3039,1627
1966,3040,1627
1967,3041,1627
1217,3042,455
1968,3043,690
1969,3044,2068
1970,3045,945
1971,3046,1734
1972,3047,1734
1973,3048,1734
1974,3049,1734
1825,3050,1694
1977,3051,656
1978,3052,616
1980,3053,716
1981,3054,716
1982,3055,1688
1983,3056,1688
1984,3057,1792
1985,3058,1512
429,3059,2073
1627,3060,202
1626,3061,202
1106,3062,202
1987,3063,202
1988,3064,202
1630,3065,202
278,3066,77
1989,3067,77
1990,3068,1532
1991,3069,1532
1992,3070,1532
1069,3071,1532
1993,3072,820
1994,3073,747
1995,3074,747
1996,3075,1631
1997,3076,1631
1998,3077,431
1999,3078,1495
2000,3079,822
2000,3080,821
2001,3081,771
2002,3082,388
2003,3083,388
2004,3084,388
2005,3085,837
2006,3086,875
2007,3087,404
2008,3088,404
1993,3089,404
843,3090,1629
2009,3091,1254
2010,3092,778
1659,3093,347
,3094,31
2012,3095,316
2013,3096,806
2014,3097,806
2015,3098,1884
2018,3102,760
1827,3103,1017
1828,3104,1017
2019,3105,926
2020,3106,355
2021,3107,355
2022,3108,1126
2023,3109,1252
2024,3110,1252
1741,3111,1014
2025,3112,1014
1715,3113,1014
1064,3114,753
413,3115,753
358,3116,753
358,3117,753
2027,3118,753
1382,3119,753
2028,3120,1852
2028,3121,1329
569,3122,1329
866,3123,1033
2029,3124,1523
2031,3125,1523
2032,3126,1523
264,3127,153
2033,3128,153
2034,3129,1019
2035,3130,1242
2036,3131,1242
2038,3132,1242
687,3133,1117
2035,3134,1117
2039,3135,1117
2040,3136,1117
2037,3137,1117
2035,3138,719
2041,3139,719
1558,3140,719
337,3141,1600
910,3142,158
2043,3143,158
2044,3144,69
2045,3145,1567
2046,3146,1116
2047,3147,1101
2048,3148,1556
2050,3149,1139
2051,3150,61
2052,3151,61
2053,3152,867
2053,3153,868
1026,3154,868
2054,3155,868
2055,3156,823
2056,3157,91
2056,3158,92
2056,3159,93
2056,3160,94
2057,3161,697
2058,3162,697
2059,3163,1871
2060,3164,792
2061,3165,792
2062,3166,792
979,3167,1455
1879,3168,1455
429,3169,833
2063,3170,833
2064,3171,651
2065,3172,651
2066,3173,1726
2067,3174,343
2068,3175,227
2069,3176,655
2070,3177,655
2071,3178,1891
2072,3179,694
2073,3180,694
2074,3181,208
288,3182,208
2075,3183,208
2076,3184,208
2073,3185,208
2077,3186,215
2078,3187,215
2079,3188,215
2080,3189,215
2081,3190,215
2082,3191,125
2083,3192,396
2084,3193,149
2086,3194,149
2087,3195,1247
2088,3196,1247
1427,3197,899
2089,3198,2201
2090,3199,1747
2090,3200,1747
2091,3201,1747
2092,3202,2095
2093,3203,427
2094,3204,2179
2095,3205,2038
2096,3206,2152
2097,3207,2152
2098,3208,1445
2099,3209,2107
2100,3210,649
2095,3211,2137
2101,3212,1550
2102,3213,1550
2103,3214,1454
1097,3215,702
2104,3216,706
119,3217,706
2105,3218,2166
2106,3219,2166
2107,3220,1088
2108,3221,1355
1645,3222,340
2110,3223,721
2111,3224,721
2112,3225,1728
2113,3226,1728
2114,3227,1728
2115,3228,321
2116,3229,429
2117,3230,415
2118,3231,415
1699,3232,95
1698,3233,95
1699,3234,96
1698,3235,96
2120,3236,893
294,3237,2040
2121,3238,203
2122,3239,1811
1550,3240,1811
2123,3241,1811
2124,3242,1144
2125,3243,790
1134,3244,1142
1716,3245,896
2126,3246,896
2127,3247,805
2128,3248,658
2129,3249,658
2130,3250,1214
2131,3251,1214
2132,3252,1214
2133,3253,1271
2134,3254,1271
2135,3255,2086
2136,3256,2086
1520,3257,2086
2137,3258,458
2138,3259,365
2139,3260,365
2140,3261,365
1961,3262,365
2141,3263,365
2142,3264,365
2143,3265,365
2144,3266,1236
2145,3267,639
2146,3268,639
2147,3269,639
2145,3270,640
2148,3271,1497
2149,3272,424
2150,3273,788
2151,3274,788
2152,3275,788
2153,3276,788
1064,3277,788
2154,3278,1125
2155,3279,1125
2156,3280,393
2157,3281,393
2158,3282,1874
2159,3284,1874
2160,3285,876
2161,3286,876
2006,3287,876
1015,3288,1446
76,3289,1284
226,3290,2102
2163,3291,1047
2164,3292,1047
2165,3293,911
2166,3294,911
2167,3295,2118
2026,3296,754
456,3297,754
1064,3298,754
413,3299,754
2169,3300,754
358,3301,754
2027,3302,754
138,3303,1699
2170,3304,838
2171,3305,336
2172,3306,770
2173,3307,770
2174,3308,770
2175,3309,2123
2176,3310,2124
2176,3311,2158
1162,3312,2158
2176,3313,2159
1162,3314,2159
2177,3315,1566
997,3316,1110
847,3317,1110
2178,3318,726
2179,3319,726
2180,3320,726
991,3321,726
2181,3322,1308
2182,3323,1308
2183,3324,1350
2184,3325,889
1644,3326,440
2185,3327,1066
2186,3328,354
2043,3329,1615
2187,3330,781
2188,3331,1032
2189,3332,1003
2190,3333,1733
2191,3334,811
2192,3335,811
2193,3336,701
138,3337,1204
2194,3338,2109
2195,3339,1463
2196,3340,1873
2197,3341,774
2198,3342,1006
2199,3343,749
2200,3344,1568
2201,3345,819
2202,3346,211
2203,3347,418
2204,3348,418
2205,3349,957
2206,3350,978
2208,3351,1331
2209,3352,387
2210,3353,387
794,3354,730
2211,3355,885
2213,3357,1724
2210,3358,1724
2213,3359,1725
2210,3360,1725
2214,3361,1262
2215,3362,2026
1482,3363,2026
2216,3364,106
1858,3365,376
2217,3366,1148
984,3367,870
2218,3368,922
2219,3369,763
2220,3370,421
2221,3371,1027
2222,3372,1027
2223,3373,1027
2224,3374,925
2225,3375,1016
2226,3376,1549
2227,3377,1549
2228,3378,2093
2229,3379,1810
118,3380,189
2231,3381,189
1134,3382,189
2232,3383,1468
2233,3385,1538
2234,3386,1538
2235,3387,1538
2236,3388,1538
2237,3389,709
2237,3390,709
2238,3391,709
2239,3392,2167
2240,3393,1216
1950,3394,407
1950,3395,408
1727,3396,1504
1202,3397,60
2241,3398,826
2043,3399,826
2242,3400,826
2243,3401,872
2244,3402,872
2245,3403,1508
1882,3404,628
2246,3405,712
527,3406,712
2247,3407,712
2248,3408,171
858,3409,1478
912,3410,1045
2250,3411,446
2251,3412,382
2252,3413,2069
2253,3414,2069
2254,3415,2069
2255,3416,145
2256,3417,341
2257,3418,1594
2258,3419,1594
2259,3420,1594
695,3421,1449
2256,3422,342
2260,3423,2131
2261,3424,724
2262,3425,724
2263,3426,1608
1490,3427,2036
2264,3428,1141
2265,3432,1601
2266,3433,1601
2267,3434,1601
2268,3435,1601
2269,3436,1601
2270,3437,1601
2271,3438,1595
2272,3439,1595
2259,3440,1595
2258,3441,1595
1089,3442,902
2271,3443,1596
2272,3444,1596
2259,3445,1596
2258,3446,1596
2273,3447,737
2274,3448,737
1637,3449,1717
2275,3450,317
2276,3451,903
2277,3452,1089
2278,3453,1089
2279,3454,1029
2280,3455,1843
1199,3456,951
1644,3457,951
2281,3458,951
2282,3459,735
,3460,735
2283,3461,2070
2284,3462,931
2285,3464,216
2286,3465,2054
2287,3466,1103
2288,3468,1786
2289,3469,1786
2290,3471,111
2291,3473,1560
2292,3475,849
2293,3476,2206
2294,3477,2206
2295,3478,2206
2296,3480,2206
2297,3481,2206
2298,3483,1096
2299,3484,1096
2300,3485,2223
2301,3486,2229
2302,3490,2227
2303,3491,2227
2304,3492,2208
2305,3493,2207
1856,3601,685
958,3605,2359
2307,3606,2360
2308,3607,2361
2309,3608,2361
885,3609,2362
1420,3610,2362
2310,3611,2363
2311,3612,2364
2312,3613,2365
1204,3614,2365
2313,3615,2366
2314,3616,2367
2315,3617,2368
2316,3618,2369
2317,3619,2370
1094,3620,2371
2319,3621,2371
1732,3622,2372
992,3623,2372
51,3624,2373
2320,3625,2373
2033,3626,2373
449,3627,2373
2321,3628,2374
2322,3629,2374
2323,3630,2374
2324,3631,2374
2325,3632,2375
2326,3633,2375
2327,3634,2376
2328,3635,2376
2329,3636,2376
2330,3637,2377
2331,3638,2378
2332,3639,2378
2333,3640,2378
336,3641,2379
374,3642,2379
2334,3643,2380
2335,3644,2381
2336,3645,2381
2337,3646,2382
2338,3647,2382
2339,3648,2383
2340,3649,2384
2341,3650,2385
62,3651,2386
2342,3652,2386
2343,3653,2387
143,3654,2388
313,3655,2388
2344,3656,2388
1797,3657,2388
2345,3658,2389
1202,3659,2390
2346,3660,2391
832,3661,2392
2347,3662,2393
2348,3663,2394
2349,3664,2394
2350,3665,2395
2351,3666,2396
1910,3667,2397
2352,3668,2398
286,3669,2399
1722,3670,2399
2353,3671,2400
1483,3672,2401
2354,3673,2402
1254,3676,2404
2355,3677,2405
2356,3678,2406
2357,3679,2407
2358,3680,2407
1753,3681,2407
2359,3682,2408
2360,3683,2409
2361,3684,2409
2362,3685,2409
2363,3686,2410
2364,3687,2410
1109,3688,2410
2365,3689,2411
1753,3690,2411
2366,3691,2412
2367,3692,2412
2368,3693,2412
2369,3694,2413
2370,3695,2413
2371,3696,2413
2372,3697,2414
2373,3698,2414
2374,3699,2415
2375,3700,2416
2376,3701,2417
2377,3702,2418
2378,3703,2418
2379,3704,2418
2380,3705,2418
2381,3706,2418
2382,3707,2418
2383,3708,2419
273,3709,2420
1563,3710,2420
2384,3711,2421
2385,3712,2422
331,3713,2423
2199,3714,2423
2386,3715,2424
2387,3716,2426
2388,3717,2426
2389,3718,2425
2390,3719,2427
2391,3720,2427
2392,3721,2425
2393,3722,2428
2394,3723,2429
2395,3724,2429
2396,3725,2429
2397,3726,2430
2398,3727,2431
2399,3728,2431
2400,3729,2431
2401,3730,2431
2402,3731,2432
1718,3732,2432
1719,3733,2432
2403,3734,2433
821,3735,2433
1138,3736,2433
75,3737,2434
2404,3738,2434
2405,3739,2435
1014,3740,2436
2406,3741,2436
2407,3742,2437
2408,3743,2437
2409,3744,2437
2410,3745,2438
2411,3746,2439
2412,3747,2439
2413,3748,2440
2414,3749,2440
153,3750,2441
2415,3751,2442
2416,3752,2442
4086,3753,2443
2418,3754,2444
2419,3755,2444
2420,3756,2445
2421,3757,2446
2422,3758,2447
2423,3760,2449
2424,3761,2448
2425,3762,2448
2426,3763,2450
2427,3764,2450
2428,3765,2451
2429,3766,2451
2430,3767,2451
2431,3768,2453
2432,3769,2452
1362,3770,2454
2433,3771,2455
2434,3772,2456
2435,3773,2456
2436,3774,2457
543,3775,2457
1934,3776,2457
2437,3777,2458
2438,3778,2458
2439,3779,2458
2440,3780,2459
2441,3781,2459
2442,3782,2459
2443,3783,2459
2444,3784,2460
2445,3785,2460
2446,3786,2460
374,3788,2462
2447,3789,2461
2448,3790,2463
2449,3791,2463
2450,3792,2465
385,3793,2464
1795,3794,2464
2451,3795,2464
2452,3796,2466
2453,3797,2467
2454,3798,2468
2455,3799,2469
2456,3800,2470
2457,3801,2470
2458,3802,2471
633,3803,2471
1874,3804,2471
925,3805,2472
2459,3806,2473
2460,3807,2474
2461,3808,2474
2462,3809,2474
2428,3810,2475
2464,3811,2475
2465,3812,2475
2430,3813,2475
2467,3814,2476
2468,3815,2477
759,3816,2478
284,3817,2478
1793,3818,2478
2469,3819,2479
701,3820,2479
2470,3821,2480
2471,3822,2480
1136,3823,2481
1394,3824,2481
2472,3825,2482
226,3826,2482
1089,3827,2483
2474,3828,2483
2475,3829,2483
2476,3830,2484
2477,3831,2484
2478,3832,2485
1047,3833,2487
2479,3834,2487
2480,3835,2488
1095,3836,2489
1490,3837,2489
2372,3840,2492
2373,3841,2492
2481,3842,2493
2482,3843,2494
2483,3844,2495
2484,3845,2496
1089,3846,2496
2485,3847,2496
2486,3848,2497
2487,3849,2497
2488,3850,2498
2489,3851,2499
449,3852,2500
2490,3853,2501
2491,3854,2502
2492,3855,2502
2493,3856,2503
2494,3857,2504
1565,3858,2504
2496,3859,2505
2497,3860,2506
2498,3861,2507
2499,3862,2507
2501,3863,2508
2500,3864,2511
2502,3865,2512
2503,3866,2512
2504,3867,2513
2505,3868,2513
2506,3869,2514
2507,3870,2514
2372,3871,2515
2373,3872,2515
2508,3873,2517
862,3874,2518
2509,3875,2519
1903,3876,2520
2510,3877,2521
2510,3878,2522
2511,3879,2523
2512,3880,2523
2403,3881,1260
2514,3882,2524
2515,3883,2525
2516,3884,2526
2517,3885,2527
2518,3886,2528
2519,3887,2528
2520,3888,2528
2521,3889,2528
2522,3890,2529
2523,3891,2529
2524,3892,2530
2525,3893,2531
2526,3894,2532
1025,3895,2533
58,3896,2534
1566,3897,2534
450,3898,2535
2527,3899,2536
2522,3900,2537
2528,3901,2537
2529,3902,2538
772,3903,2538
2530,3904,2540
2531,3905,2540
2532,3906,2542
2533,3907,2542
1289,3908,2544
2534,3909,2546
2535,3910,2549
1047,3911,2551
662,3912,2552
2536,3913,2554
2537,3914,2554
2538,3915,2555
2539,3916,2556
1289,3917,2557
1289,3918,2558
2540,3919,2565
2541,3920,2566
2542,3921,2567
2543,3922,2567
2544,3923,2568
989,3924,2568
2545,3925,2569
2493,3926,2570
2546,3927,2571
1289,3928,2572
2547,3929,2573
2548,3930,2573
2549,3931,2574
2550,3932,2574
2455,3933,2574
2551,3934,2575
1289,3935,2576
2552,3936,2577
3,3937,2578
966,3938,2578
1821,3939,2578
75,3940,2578
1939,3941,2578
2553,3942,2578
2554,3943,2579
2555,3944,2580
2556,3945,2581
2557,3946,2582
2402,3947,2583
1718,3948,2583
1719,3949,2583
213,3950,2584
213,3951,2585
959,3952,2586
2558,3953,2587
2559,3954,2588
2560,3955,2588
2561,3956,2588
2562,3957,2589
989,3958,2590
2563,3959,2591
2564,3960,2592
1318,3961,2595
2565,3963,2594
2566,3964,2597
2567,3965,2597
2568,3966,2597
2569,3967,2597
2570,3968,2598
821,3969,1260
1138,3970,1260
704,3971,2599
2403,3972,2599
2393,3978,2603
1327,3979,2608
2571,3980,2612
2572,3981,2612
1553,3982,2612
2599,3983,2613
2600,3984,2613
2601,3985,2614
2602,3986,2614
2603,3987,2615
2604,3988,2616
2605,3989,2617
1289,3990,2618
2606,3991,2619
2606,3992,2620
2606,3993,2621
2606,3994,2622
2606,3995,2623
2606,3996,2624
2607,3997,2625
2608,3998,2625
2609,3999,2625
2610,4000,2626
2647,4001,2628
2648,4002,2628
2649,4003,2628
2650,4004,2628
2651,4005,2628
2652,4006,2629
2653,4007,2630
2585,4008,2631
2597,4009,2632
2598,4010,2632
2597,4011,2633
2598,4012,2633
2576,4013,2634
2587,4014,2636
2588,4015,2636
2588,4016,2637
2593,4017,2637
2654,4018,2637
2655,4019,2637
2586,4020,2638
2577,4021,2639
2590,4022,2640
2591,4023,2640
2656,4024,2641
2657,4025,2641
2594,4026,2642
2658,4027,2642
2596,4028,2643
2575,4029,2644
623,4030,2644
2578,4031,2645
2579,4032,2645
2596,4033,2646
2580,4034,2647
2646,4035,2648
2641,4036,2649
2642,4037,2649
1172,4038,2650
2659,4039,2651
2394,4040,2652
2660,4041,2654
1333,4042,2655
2595,4043,2656
2666,4044,2656
2634,4045,2657
2635,4046,2657
2636,4047,2657
2637,4048,2658
2638,4049,2658
2639,4050,2658
2643,4051,2659
2644,4052,2659
2645,4053,2659
2420,4054,2661
1318,4055,2662
1289,4056,2663
2667,4057,2664
2668,4058,2664
1268,4059,412
326,4060,193
269,4064,2668
733,4065,2668
2670,4066,2668
2573,4067,2669
2574,4068,2669
2583,4069,2670
2658,4070,2670
2629,4071,2671
190,4072,2671
2630,4073,2671
2631,4074,2671
2413,4075,2671
1523,4076,2671
2618,4077,2672
2440,4078,2673
2441,4079,2673
2442,4080,2673
2443,4081,2673
2622,4082,2674
2623,4083,2674
1529,4084,2675
2621,4085,2676
1195,4086,2677
2626,4087,2678
2627,4088,2678
2671,4089,2679
2672,4090,2679
2673,4091,2679
1394,4092,2680
2674,4093,2680
1136,4094,2680
1289,4095,2681
1289,4096,2682
1289,4097,2683
1289,4098,2684
2653,4099,2685
2675,4100,2686
2676,4101,2687
2677,4102,2688
1733,4103,2688
2679,4104,2688
989,4105,2689
1040,4106,2689
2680,4107,2689
989,4108,2690
1040,4109,2690
2680,4110,2690
82,4111,2693
75,4112,2695
1379,4113,2696
2681,4114,2696
832,4115,2697
2682,4116,2699
2683,4118,2700
1021,4119,2701
2684,4120,2702
1096,4121,2702
2685,4122,2703
2685,4123,2704
2685,4124,2705
2685,4125,2706
2685,4126,2707
2685,4127,2708
1334,4130,2711
1334,4133,2714
1064,4134,2716
2687,4135,2717
2686,4136,2717
2688,4137,2717
2209,4140,2718
183,4141,2718
183,4142,2719
2691,4143,2720
2692,4144,2722
2693,4145,2723
1429,4146,2724
2717,4147,2725
2718,4148,2725
1878,4149,2725
2719,4150,2726
2720,4151,2726
2704,4152,2727
2543,4153,2727
2695,4154,2728
2696,4155,2728
2705,4156,2729
2708,4157,2730
2709,4158,2730
2702,4159,2731
2703,4160,2731
2715,4161,2732
2716,4162,2732
2715,4163,2733
2361,4164,2733
2699,4165,2734
2710,4166,2735
2711,4167,2735
2712,4168,2735
2360,4169,2736
2855,4170,2736
2361,4171,2737
2360,4172,2737
2855,4173,2737
2713,4174,2738
2714,4175,2738
841,4176,2739
2707,4177,2739
2361,4178,2740
2700,4179,2741
2701,4180,2741
2640,4181,2742
2615,4182,2743
2547,4185,2745
2625,4186,2745
2668,4187,2746
2721,4188,2746
1136,4189,2747
1394,4190,2747
2624,4191,2749
2660,4192,2752
2722,4193,2753
2722,4194,2754
2722,4195,2755
2722,4196,2757
413,4197,2758
2723,4198,2758
1026,4199,2758
2054,4200,2758
2724,4201,2759
2725,4202,2760
2726,4203,2760
2727,4204,2761
2728,4205,2763
2729,4206,2763
832,4207,2766
2730,4208,2767
2731,4209,2767
2732,4210,2767
2733,4211,2768
2734,4212,2768
2735,4213,2770
2736,4214,2770
2737,4215,2770
2738,4216,2771
2739,4217,2772
2740,4218,2772
2741,4219,2773
2742,4220,2773
2743,4221,2773
2744,4222,2773
2745,4223,2774
2746,4224,2774
2747,4225,2774
2748,4226,2774
2749,4227,2775
2750,4228,2775
2751,4229,2776
2752,4230,2777
2753,4231,2778
2754,4232,2778
475,4233,2781
2755,4234,2781
2756,4235,2782
1142,4236,2782
2757,4237,2782
2758,4238,2782
2759,4239,2782
2760,4240,2782
2761,4241,2782
2762,4242,2782
2763,4243,2782
2764,4244,2783
2766,4245,2784
2765,4246,2784
1838,4247,2785
2767,4248,2786
633,4249,2787
2697,4250,2787
2698,4251,2787
2611,4252,2788
2612,4253,2788
1021,4254,2789
2616,4255,2790
2617,4256,2790
2632,4257,2791
2633,4258,2791
473,4259,2792
1172,4260,2792
2774,4261,2793
2775,4262,2793
2778,4263,2794
2776,4264,2795
2777,4265,2795
2770,4266,2796
2768,4267,2797
2772,4268,2798
2773,4269,2798
2769,4270,2799
492,4271,2800
2351,4272,2800
2779,4273,2800
1429,4274,2801
1389,4275,2801
2780,4276,2802
2781,4277,2803
2782,4278,2803
2783,4280,2804
374,4281,2804
858,4283,2807
2785,4284,2812
2786,4285,2812
2787,4286,2812
2441,4293,2815
2795,4294,2815
2042,4295,2817
54,4296,2817
2806,4297,2818
2807,4298,2818
2808,4299,2818
2809,4300,2818
2810,4301,2818
1318,4302,2824
2805,4304,2826
286,4305,2827
1720,4306,2827
1721,4307,2827
1722,4308,2827
2796,4309,2828
2799,4310,2829
2651,4311,2829
2619,4312,2830
2620,4313,2830
750,4314,2831
1903,4315,2831
2694,4316,2832
2811,4317,2833
2812,4318,2833
2813,4319,2834
2626,4320,2835
2627,4321,2835
2837,4322,2836
2838,4323,2836
2839,4324,2836
2840,4325,2838
2841,4326,2838
1047,4327,2839
2821,4328,2840
2822,4329,2840
2823,4330,2840
2824,4331,2840
2842,4332,2840
2817,4333,2841
2818,4334,2841
2819,4335,2841
2387,4336,2841
2836,4337,2842
2827,4338,2843
,4339,2843
2814,4340,2844
2815,4341,2844
2843,4342,2844
2829,4343,2845
2830,4344,2845
2844,4345,2846
2816,4346,2847
2845,4347,2848
2846,4348,2848
2847,4349,2848
2848,4350,2849
2849,4351,2849
2850,4352,2849
2851,4353,2850
2852,4354,2850
1565,4355,2850
588,4356,2850
2853,4357,2851
1064,4358,2851
2855,4360,2853
2360,4361,2853
2872,4362,2854
2873,4363,2854
2861,4364,2855
2862,4365,2855
2879,4366,2856
2857,4367,2857
2858,4368,2857
2859,4369,2857
2921,4370,2857
2854,4371,2858
2550,4372,2858
2870,4373,2859
2404,4374,2860
2922,4375,2860
2871,4376,2861
2226,4377,2862
2866,4378,2862
2867,4379,2862
2877,4380,2863
2865,4381,2864
1538,4382,2865
2856,4383,2865
2868,4384,2866
2882,4385,2867
2923,4386,2867
2671,4387,2868
2672,4388,2868
2673,4389,2868
2874,4390,2869
2875,4391,2870
2876,4392,2871
2880,4393,2872
2881,4394,2872
2878,4395,2873
1333,4396,2875
2924,4397,2876
2458,4398,2879
2929,4399,2879
,4400,2879
2930,4401,2881
2898,4402,2884
2894,4403,2885
,4404,2886
2899,4405,2887
2887,4406,2888
2888,4407,2888
2863,4408,2889
2864,4409,2889
750,4410,2890
750,4411,2891
750,4412,2892
1903,4413,2892
2798,4414,2893
2797,4415,2893
2931,4416,2894
2885,4417,2895
2886,4418,2895
2909,4419,2896
2932,4420,2897
,4421,2897
2920,4422,2898
2912,4423,2899
2910,4424,2900
2524,4425,2901
2902,4426,2902
2903,4427,2902
1797,4428,2903
2915,4429,2904
2917,4430,2904
2918,4431,2904
2919,4432,2904
2933,4433,2907
2935,4434,2908
2936,4435,2908
2937,4436,2908
2938,4437,2908
2939,4438,2908
2940,4439,2908
2941,4440,2908
2942,4441,2908
2943,4442,2909
2944,4443,2909
2945,4444,2910
2925,4445,2911
2926,4446,2911
2927,4447,2911
2928,4448,2911
2884,4449,2912
2891,4450,2913
2892,4451,2913
2946,4452,2914
2947,4453,2914
488,4454,2916
2889,4455,2917
1105,4456,2918
2963,4457,2919
2964,4458,2919
2965,4459,2920
2966,4460,2920
2967,4461,2920
2968,4462,2920
2969,4463,2920
2970,4464,2920
2906,4466,2922
2911,4467,2923
2831,4468,2924
983,4469,2924
2833,4470,2924
2896,4471,2925
2894,4472,2925
2897,4473,2926
2893,4474,2927
2972,4475,2927
2973,4476,2927
2974,4477,2927
2893,4478,2928
2975,4479,2928
2976,4480,2928
2974,4481,2928
2977,4482,2929
593,4483,2930
1974,4484,2930
2765,4485,2930
2978,4486,2932
2979,4487,2933
2980,4488,2933
1318,4489,2934
2981,4490,2935
2983,4491,2936
2982,4492,2936
2984,4493,2937
2984,4494,2938
2985,4495,2941
2983,4496,2942
1326,4497,2945
2986,4498,2946
2987,4499,2946
2988,4500,2949
2989,4501,2949
2990,4502,2949
2991,4503,2951
2992,4504,2951
2766,4505,2951
2993,4506,2952
2994,4507,2952
2995,4508,2952
2957,4509,2953
2829,4510,2954
2948,4511,2955
2949,4512,2955
2950,4513,2955
2952,4514,2956
1760,4515,2956
2955,4516,2956
249,4517,2957
2956,4518,2957
2951,4519,2958
2996,4520,2959
2997,4521,2960
2998,4522,2961
2959,4523,2964
3000,4524,2965
2829,4525,2966
2830,4526,2966
172,4527,2967
1436,4528,2967
1021,4529,2967
3001,4530,2969
3002,4531,2969
2640,4532,2970
2825,4533,2971
3006,4534,2972
3007,4535,2973
3008,4536,2973
3009,4537,2973
3010,4538,2973
3011,4539,2973
3012,4540,2973
735,4541,2977
3015,4542,2977
825,4543,2978
3016,4544,2979
3017,4545,2979
1723,4546,2979
3018,4547,2980
735,4548,2981
3015,4549,2981
3019,4550,2982
3020,4551,2982
3021,4552,2983
1133,4553,2983
750,4554,2984
1064,4555,2985
3022,4556,2985
2933,4557,2985
152,4558,2986
3024,4559,2986
152,4560,2987
1379,4561,2987
152,4562,2988
1379,4563,2988
3025,4564,2989
3026,4565,2993
2248,4566,2993
3027,4567,2994
3028,4568,2994
3029,4569,2994
2722,4570,2756
3031,4571,2995
3032,4572,2995
3033,4573,2995
3034,4574,2995
3035,4575,2996
3036,4576,2996
3037,4577,2996
3040,4578,2997
3041,4579,2997
3042,4580,2997
3043,4581,2997
3044,4582,2998
3045,4584,3000
3046,4585,3000
3047,4586,3001
3048,4587,3001
753,4588,3002
3014,4589,3003
1680,4590,3004
303,4591,3005
2999,4592,3006
3003,4593,3007
3004,4594,3007
3049,4595,3008
3049,4598,3011
2000,4599,3012
3050,4600,3012
3051,4601,3013
2847,4602,3014
3052,4603,3015
497,4604,3016
3053,4605,3017
3054,4606,3017
3055,4607,3017
3056,4608,3017
3057,4609,3017
3058,4610,3017
3059,4611,3018
102,4612,3018
3060,4613,3019
627,4614,3020
1064,4615,3020
3061,4616,3021
3062,4617,3022
3063,4618,3022
3064,4619,3022
3035,4620,3023
3036,4621,3023
3037,4622,3023
3065,4623,3026
3066,4624,3026
75,4625,3026
303,4626,3027
499,4627,3027
3067,4628,3028
3068,4629,3029
3069,4630,3030
3070,4631,3031
3071,4632,3032
2510,4633,3033
3072,4634,3033
3073,4635,3033
3074,4636,3033
319,4637,3034
1805,4638,3034
717,4639,3035
735,4640,3036
3075,4641,3036
2418,4642,3036
3076,4643,3036
82,4644,3037
3077,4645,3038
3078,4646,3038
3079,4647,3040
3080,4648,3040
3081,4649,3040
3082,4650,3041
3083,4651,3041
2611,4652,3042
2612,4653,3042
3084,4654,3043
3085,4655,3043
2320,4656,3044
3086,4657,3044
3087,4658,3045
3088,4659,3045
3089,4660,3045
3090,4661,3046
3091,4662,3047
3091,4663,3048
183,4664,3049
1729,4665,3049
284,4666,3050
759,4667,3050
3092,4668,3051
1732,4669,3052
3093,4670,3052
3094,4671,3053
3095,4672,3053
3096,4673,3053
3097,4674,3054
3098,4675,3054
3099,4676,3054
3100,4677,3054
3101,4678,3054
1472,4679,3055
3102,4680,3056
2659,4681,3056
3103,4682,3059
3104,4683,3059
3105,4684,3061
3106,4685,3062
3107,4686,3062
3108,4687,3062
2991,4688,3063
3109,4689,3063
3110,4690,3063
3111,4691,3066
2008,4692,3066
3112,4693,3066
3113,4694,3067
3021,4695,3067
3113,4696,3067
3021,4697,3067
3114,4698,3068
3115,4699,3074
3116,4700,3077
605,4701,3078
2217,4702,3078
3122,4705,3082
425,4706,3083
1509,4707,3083
3118,4708,3084
3119,4709,3084
3120,4710,3084
3121,4711,3085
3123,4712,3082
3124,4713,3082
3125,4714,3082
3126,4715,3082
3127,4716,3082
3128,4717,3082
3129,4718,3086
3130,4719,3086
3131,4720,3086
3132,4721,3086
3133,4722,3086
3134,4723,3087
3135,4724,3087
3136,4725,3087
3137,4726,3087
3138,4727,3087
3139,4728,3088
3140,4729,3088
3141,4730,3088
3142,4731,3088
839,4732,3089
3143,4733,3090
3144,4734,3091
3145,4735,3093
3146,4736,3093
3147,4737,3093
3148,4738,3093
3149,4739,3093
3150,4740,3093
3151,4741,3094
3152,4742,3094
3153,4743,3094
3154,4744,3094
990,4745,3095
1133,4746,3097
3155,4747,3097
2458,4748,3098
627,4749,3098
3156,4750,3098
3157,4751,3099
3158,4752,3099
3159,4753,3099
1673,4754,3099
719,4755,3100
3160,4756,3100
3159,4757,3100
3161,4758,3100
1673,4759,3100
1382,4760,3101
3162,4761,3105
3163,4762,3105
3164,4763,3105
1673,4764,3105
,4765,
3164,4766,3107
3165,4767,3107
1673,4768,3107
1083,4769,3108
76,4770,3110
3166,4771,3110
3167,4772,3110
3034,4773,3110
3168,4774,3110
3032,4775,3110
3169,4776,3110
3170,4777,3110
3171,4778,3111
1786,4779,3112
3172,4780,3112
3173,4781,3112
3174,4782,3114
3140,4783,3114
3175,4784,3114
3176,4785,3114
3177,4786,3114
3178,4787,3114
3176,4788,3115
3179,4789,3115
3174,4790,3115
3178,4791,3115
3180,4792,3116
3181,4793,3116
3182,4794,3116
3183,4795,3116
3184,4796,3116
3185,4797,3116
3186,4798,3117
3187,4799,3117
3183,4800,3117
3188,4801,3117
3189,4802,3117
3190,4803,3117
3191,4804,3118
3122,4805,3118
3192,4806,3118
3193,4807,3118
3194,4808,3118
3195,4809,3118
3196,4810,3119
3197,4811,3119
3198,4812,3119
3127,4813,3119
3199,4814,3119
3200,4815,3120
3201,4816,3120
3202,4817,3120
3203,4818,3120
3204,4819,3120
3180,4820,3121
3181,4821,3121
3182,4822,3121
3183,4823,3121
3184,4824,3121
3185,4825,3121
3205,4826,3122
3206,4827,3122
3207,4828,3122
3208,4829,3122
3209,4830,3122
3210,4831,3123
3211,4832,3123
3212,4833,3123
3213,4834,3123
3201,4835,3123
3214,4836,3124
3124,4837,3124
3215,4838,3124
3216,4839,3124
1242,4840,3124
3217,4841,3124
3218,4842,3125
3219,4843,3125
3220,4844,3125
3221,4845,3125
3222,4846,3125
3223,4847,3125
3224,4848,3126
3225,4849,3126
3226,4850,3126
3142,4851,3126
3227,4852,3127
3206,4853,3127
3228,4854,3127
3229,4855,3127
3137,4856,3128
3134,4857,3128
3185,4858,3128
3138,4859,3128
3137,4860,3129
3134,4861,3129
3230,4862,3129
3138,4863,3129
3231,4864,3130
3232,4865,3130
3125,4866,3130
3233,4867,3130
3234,4868,3134
3235,4869,3135
3234,4870,3135
3236,4871,3135
1490,4872,3135
3237,4873,3136
3238,4874,3136
3239,4875,3136
527,4877,3138
3116,4878,3141
3240,4879,3142
1583,4880,3142
3241,4881,3144
413,4882,3144
326,4883,3144
2847,4884,3144
2241,4885,3144
3243,4886,3146
3244,4887,3146
1318,4888,3147
3245,4889,3148
3246,4890,3148
3247,4891,3148
3248,4892,3148
3249,4893,3148
3250,4894,3148
3251,4895,3148
3252,4896,3148
3253,4897,3148
3254,4898,3148
3255,4899,3148
3256,4900,3148
3257,4901,3148
3258,4902,3149
1531,4903,3150
3097,4904,3151
3098,4905,3151
3259,4906,3151
3260,4907,3151
3261,4908,3151
3262,4909,3152
3263,4910,3152
3264,4911,3152
3265,4912,3153
3266,4913,3153
3267,4914,3153
3268,4915,3153
3087,4916,3154
3269,4917,3155
3270,4918,3156
3271,4919,3156
3272,4920,3156
3273,4921,3156
3274,4922,3156
3275,4923,3156
3276,4924,3156
3277,4925,3158
2490,4926,3158
3278,4927,3158
3279,4928,3159
3280,4929,3160
3281,4930,3161
82,4931,3161
3282,4932,3165
3,4933,3167
3283,4934,3168
771,4935,3169
3284,4936,3170
3285,4937,3170
3286,4938,3171
3287,4939,3171
3288,4940,3172
3289,4941,3172
3290,4942,3173
3291,4943,3174
3292,4944,3174
3293,4945,3175
3294,4946,3176
3295,4947,3176
3296,4948,3176
756,4949,3177
3297,4950,3177
3294,4951,3178
3298,4952,3178
3299,4953,3179
3300,4954,3179
3301,4955,3179
3302,4956,3180
3303,4957,3180
1045,4958,3181
3304,4959,3181
3305,4960,3182
1149,4961,3182
222,4962,3182
2695,4963,3183
3306,4964,3184
3307,4965,3184
3308,4966,3185
3309,4967,3185
2504,4968,3186
3310,4969,3186
3311,4970,3187
3312,4971,3187
3313,4972,3187
1806,4973,3187
3314,4974,3189
2571,4975,3190
1732,4976,3191
3093,4977,3191
3314,4978,3192
3090,4979,3193
3315,4980,3194
1472,4981,3195
3316,4982,3195
1729,4983,3196
183,4984,3196
3318,4985,3197
3319,4986,3198
3320,4987,3201
3251,4988,3202
3274,4989,3202
3273,4990,3202
3322,4991,3202
3323,4992,3202
3324,4993,3202
3325,4994,3202
3326,4995,3202
3327,4996,3202
3252,4997,3202
3328,4998,3202
3329,4999,3202
2164,5000,3202
3330,5001,3202
3331,5002,3202
162,5003,3203
444,5004,3203
1806,5005,3203
753,5006,3204
2505,5007,3205
3332,5008,3205
3333,5009,3205
3334,5010,3205
284,5011,3206
2320,5012,3207
3086,5013,3207
3335,5014,3208
2665,5015,3210
3336,5016,3210
3337,5017,3210
3338,5018,3211
3340,5019,3212
3339,5020,3212
3341,5021,3212
3342,5022,3212
3343,5023,3213
3344,5024,3214
3345,5025,3215
3346,5026,3215
3347,5027,3216
3348,5028,3217
3349,5029,3218
3350,5030,3218
1195,5031,3219
3351,5032,3220
3352,5033,3220
3353,5034,3221
3354,5035,3222
832,5036,3223
3355,5037,3224
3356,5038,3225
3357,5039,3225
3358,5040,3226
3360,5042,3227
3361,5043,3228
3362,5044,3229
3363,5045,3230
3364,5046,3230
3365,5047,3230
3366,5048,3231
530,5049,3232
3367,5050,3233
3368,5051,3235
3369,5052,3236
183,5053,3237
3370,5054,3238
3372,5055,3239
2458,5056,3240
1492,5057,3240
3373,5058,3240
530,5059,3241
3374,5060,3243
3375,5061,3243
3376,5062,3245
3377,5063,3245
3378,5064,3246
3379,5065,3246
3380,5066,3247
3381,5067,3248
3382,5068,3248
3156,5069,3248
3383,5070,3249
3384,5071,3249
1382,5072,3249
1705,5073,3250
3385,5074,3250
3386,5075,3251
3387,5076,3252
3388,5077,3255
3389,5078,3255
152,5079,3255
1040,5080,3256
989,5081,3256
3390,5082,3256
2680,5083,3256
1040,5084,3257
989,5085,3257
1064,5086,3258
1040,5087,3259
989,5088,3259
3391,5089,3259
,5090,
989,5091,3260
3392,5092,3261
3393,5093,3261
3394,5094,3261
3392,5095,3262
3393,5096,3262
3394,5097,3262
1133,5098,3265
3395,5099,3265
3396,5100,3265
3397,5101,3266
128,5102,3267
3398,5103,3268
3399,5104,3269
3400,5105,3270
3401,5106,3271
3057,5107,3271
3402,5108,3271
3403,5109,3271
3404,5110,3272
3405,5111,3272
3406,5112,3273
960,5113,3274
3407,5114,3280
3408,5115,3280
3409,5119,3285
3410,5120,3285
3411,5121,3285
3412,5122,3285
1050,5123,3290
3413,5124,3290
3414,5125,3290
3415,5126,3291
1101,5127,3291
3416,5128,3292
3416,5129,3293
3417,5130,3293
3418,5131,3294
3419,5133,3294
3420,5134,3296
878,5135,3297
3421,5136,3298
3422,5137,3299
3423,5138,3299
3424,5139,3300
3406,5140,3300
3425,5141,3300
3426,5142,3301
2571,5143,3303
1743,5144,3308
3427,5145,3308
3428,5146,3310
3429,5147,3311
3416,5148,3312
3417,5149,3312
3430,5150,3313
3431,5151,3313
3432,5152,3313
3433,5153,3313
3434,5154,3313
3435,5155,3313
3397,5156,3315
3436,5157,3315
3,5158,3317
966,5159,3317
1821,5160,3317
3437,5161,3318
3438,5162,3318
3439,5163,3318
3440,5164,3318
3097,5165,3319
3441,5166,3319
3442,5167,3319
3318,5168,3320
2346,5169,3323
3031,5170,3324
3443,5171,3324
3444,5172,3324
3170,5173,3324
3445,5174,3325
3446,5175,3328
3447,5176,3328
3448,5177,3328
3449,5178,3329
3450,5179,3329
3451,5180,3329
832,5181,3332
3452,5182,3332
3453,5183,3337
3454,5184,3337
3455,5185,3339
3456,5186,3339
3457,5187,3339
3458,5188,3339
3459,5189,3339
3460,5190,3339
3461,5191,3339
3462,5192,3340
3463,5193,3340
3464,5194,3340
3465,5195,3340
3466,5196,3340
3467,5197,3340
3468,5198,3340
3469,5199,3341
3470,5200,3341
1518,5201,3341
3471,5202,3342
3472,5203,3343
1064,5204,3344
3473,5205,3346
3475,5207,3348
3476,5208,3348
3477,5209,3348
3394,5210,3349
3478,5211,3349
3479,5212,3351
3480,5213,3351
3481,5214,3352
3482,5215,3352
171,5216,3357
1064,5217,3357
171,5218,3359
1064,5219,3359
3483,5220,3360
2927,5221,3360
3484,5222,3360
3485,5223,3361
3486,5224,3362
3487,5225,3362
3488,5226,3362
3311,5227,3363
3312,5228,3363
3489,5229,3364
3045,5230,3364
3490,5231,3364
3385,5232,
1434,5233,
3491,5234,3365
3492,5235,3365
3493,5236,3366
3494,5237,3367
3495,5238,3368
3496,5239,3368
3497,5240,3368
3498,5241,3372
3499,5242,3372
3500,5243,3372
2675,5244,3372
3501,5245,3372
3501,5246,3373
3501,5247,3374
2675,5248,3376
3499,5249,3377
3500,5250,3377
3498,5251,3378
1289,5252,3380
3502,5253,3381
2718,5254,3381
1638,5255,3381
1637,5256,3381
1289,5257,3382
1289,5258,3383
1289,5259,3384
1289,5260,3386
1289,5261,3387
,5262,3388
1289,5263,3389
1124,5264,3390
1124,5265,3391
3503,5266,3392
3504,5267,3392
3505,5268,3392
3506,5270,3392
3507,5271,3392
3508,5272,3392
3253,5273,3392
3509,5274,3392
3269,5275,3392
3510,5276,3392
3511,5277,3392
3512,5278,3393
3513,5279,3393
3514,5280,3393
3515,5281,3393
3516,5282,3393
3517,5283,3393
3518,5284,3393
3519,5285,3393
3520,5286,3394
3327,5287,3394
3521,5288,3394
3522,5289,3394
3511,5290,3394
2715,5291,3395
3523,5292,3395
2488,5293,3396
2190,5294,3396
171,5295,3397
1064,5296,3397
3437,5297,3398
3439,5298,3398
2671,5299,3399
2672,5300,3399
2673,5301,3399
1289,5302,3400
3524,5303,3401
2929,5304,3402
2458,5305,3402
3525,5306,3402
610,5307,3403
3526,5308,3403
3527,5309,3403
3528,5310,3403
2863,5311,3404
3529,5312,3404
2922,5313,3406
3530,5314,3407
135,5315,3405
3531,5316,3405
3532,5317,3408
3533,5318,3409
3534,5319,3409
3535,5320,3409
,5321,3409
939,5322,3410
3536,5323,3411
3537,5324,3411
3538,5325,3412
3539,5326,3412
3540,5327,3412
3541,5328,3412
2497,5329,3413
3542,5330,3413
3541,5331,3414
3540,5332,3414
3539,5333,3414
283,5334,3414
3543,5335,3415
655,5336,3416
1516,5337,3416
3544,5338,3417
3545,5339,3417
1486,5340,3418
3546,5341,3418
3547,5342,3418
1079,5343,3419
3548,5344,3420
3549,5345,3420
3550,5346,3421
3551,5347,3421
2458,5348,3422
1593,5349,3422
3552,5350,3422
3281,5351,3426
82,5352,3426
3553,5353,3429
3554,5354,3429
3555,5355,3429
1638,5356,3429
3556,5357,3430
3557,5358,3431
3558,5359,3431
3559,5360,3434
3560,5361,3434
3561,5362,3434
3563,5363,3452
3564,5364,3452
3565,5365,3455
3566,5366,3455
3567,5367,3455
3568,5368,3456
3569,5369,3456
3570,5370,3457
286,5371,3461
1720,5372,3461
1721,5373,3461
1722,5374,3461
3572,5375,3462
3573,5376,3462
3574,5377,3463
3575,5378,3463
3576,5379,3463
3577,5380,3463
3578,5381,3463
3579,5382,3463
3580,5383,3463
2537,5384,3465
3581,5385,3465
3582,5386,3466
3583,5387,3466
3469,5388,3468
3470,5389,3468
1518,5390,3468
156,5391,3468
,5392,3470
2357,5393,
603,5394,3476
3584,5395,3477
3585,5396,3478
1296,5397,3479
3586,5398,3480
3587,5399,3481
3588,5400,3481
3588,5401,3482
3587,5402,3482
3589,5403,3487
3590,5404,3487
3570,5405,3487
3592,5406,3488
3593,5407,3488
187,5409,3490
1950,5410,3490
3595,5411,3491
3596,5412,3492
3597,5413,3492
3598,5414,3492
3599,5415,3493
2571,5416,3493
3600,5417,3493
3601,5418,3493
3602,5419,3495
3603,5420,3495
3604,5421,3496
185,5422,3497
3575,5423,3497
3605,5424,3497
3606,5425,3499
1064,5426,3500
3607,5427,3501
1638,5428,3501
3588,5429,3502
3587,5430,3502
3588,5431,3503
3587,5432,3503
3608,5433,3507
3609,5434,3507
3610,5435,3507
3611,5436,3509
1096,5437,3509
286,5438,3512
1720,5439,3512
1721,5440,3512
1722,5441,3512
3612,5442,3513
835,5443,3515
3439,5444,3516
3438,5445,3516
3440,5446,3516
3439,5447,3517
3438,5448,3517
3613,5449,3517
3614,5450,3518
3615,5451,3518
3616,5452,3519
832,5453,3519
3616,5454,3520
832,5455,3520
832,5456,3521
3617,5457,3521
3618,5458,3522
3619,5459,3522
3620,5460,3522
3576,5461,3522
2572,5462,3523
3621,5463,3523
3622,5464,3524
3469,5465,3525
3470,5466,3525
1518,5467,3525
3623,5468,3525
128,5469,3526
3624,5470,3527
3625,5471,3527
3626,5472,3527
3119,5473,3527
3627,5474,3527
3628,5475,3527
3626,5476,3528
3625,5477,3528
3624,5478,3528
3119,5479,3528
3627,5480,3528
3628,5481,3528
3629,5482,3529
3630,5483,3529
3631,5484,3530
3632,5485,3530
3633,5486,3531
3634,5487,3531
3635,5488,3532
3636,5489,3532
3637,5490,3533
3638,5491,3534
3588,5492,3535
3587,5493,3535
3588,5494,3536
3587,5495,3536
3639,5496,3539
3640,5497,3539
3641,5498,3547
3642,5499,3547
3643,5500,3548
3644,5501,3548
3645,5502,3549
3646,5503,3549
3647,5504,3550
3648,5505,3550
3649,5506,3550
3651,5507,3551
3650,5508,3551
3652,5509,3552
3653,5510,3552
960,5511,3555
1064,5512,3556
3654,5513,3556
3655,5514,3557
3021,5515,3558
3601,5516,3558
1874,5517,3559
3656,5518,3559
3657,5519,3559
1227,5520,3560
3658,5521,3561
3659,5522,3561
3660,5523,3561
3661,5524,3561
3662,5525,3562
3663,5526,3562
3664,5527,3562
3665,5528,3563
3665,5529,3564
3665,5530,3565
3666,5531,3572
1040,5532,3573
989,5533,3573
3020,5534,3574
3311,5535,3575
3311,5536,3576
1064,5537,3577
3311,5538,3578
3311,5539,3579
1006,5540,3580
1064,5541,3581
1064,5542,3582
1040,5543,3583
989,5544,3583
3667,5545,3584
3668,5546,3585
3666,5547,3586
3669,5548,3587
3670,5549,3587
3390,5550,3588
3671,5551,3590
3672,5552,3591
3673,5553,3596
3674,5554,3598
3675,5555,3598
835,5556,3599
3676,5557,3609
3677,5558,3609
3678,5559,3610
3679,5560,3610
3680,5561,3611
590,5562,3612
989,5563,3612
3682,5564,3615
3683,5565,3615
3684,5566,3619
3685,5567,3619
3686,5568,3619
3687,5569,3619
3688,5570,3624
3689,5571,3624
3690,5572,3633
3691,5573,3633
3692,5574,3633
3693,5575,3634
3694,5576,3635
3695,5577,3636
989,5578,3637
590,5579,3637
3696,5580,3638
3697,5581,3638
3698,5582,3638
3699,5583,3639
3700,5584,3639
3694,5585,3640
3022,5586,3642
835,5587,3643
3669,5588,3644
3701,5589,3644
3702,5590,3644
3670,5591,3644
3703,5592,3646
3694,5593,3648
3424,5594,3649
3704,5595,3649
3705,5596,3649
3706,5597,3649
3707,5598,3649
590,5599,3652
3708,5600,3652
3709,5601,3653
3710,5602,3653
3711,5603,3655
2404,5604,3655
1133,5605,3655
3712,5606,3655
3713,5607,3658
3714,5608,3659
3715,5609,3659
1021,5610,3660
907,5611,3660
3716,5612,3661
3717,5613,3661
3673,5614,3661
3718,5615,3662
3593,5616,3665
3592,5617,3665
966,5618,3666
1821,5619,3666
3,5620,3666
3258,5621,3667
3258,5622,3668
3494,5623,3669
3719,5624,3669
3720,5625,3669
3494,5626,3670
3721,5627,3671
3722,5628,3673
3723,5629,3673
3724,5630,3673
3725,5631,3673
2405,5632,3674
3438,5633,3675
3439,5634,3675
3440,5635,3675
3311,5636,3677
3311,5637,3678
3311,5638,3679
3311,5639,3680
1064,5640,3681
1064,5641,3682
1064,5642,3683
1064,5643,3684
735,5644,3685
735,5645,3686
1040,5646,3687
3708,5647,3687
3708,5648,3688
1040,5649,3688
3726,5650,3689
3726,5651,3691
3727,5652,3692
3728,5653,3693
3668,5654,3694
2544,5655,3695
3730,5656,3695
3731,5657,3696
3669,5658,3697
3732,5659,3697
3390,5660,3698
1064,5661,3699
1064,5662,3700
3733,5663,3703
3045,5664,3705
3734,5665,3705
3735,5666,3706
3736,5667,3706
3737,5668,3706
3738,5669,3706
3739,5670,3707
3740,5671,3708
3741,5672,3708
3742,5673,3708
3743,5674,3709
3744,5675,3709
3745,5676,3710
3747,5677,3711
3748,5678,3711
3749,5679,3711
3750,5680,3711
3751,5681,3712
3752,5682,3714
2008,5683,3714
3753,5684,3714
3754,5685,3715
2675,5686,3716
3286,5687,3717
3287,5688,3717
3755,5689,3718
3756,5690,3718
3757,5691,3720
3758,5692,3720
3759,5693,3720
3760,5694,3721
3761,5695,3722
,5696,
3669,5697,3727
1056,5698,3727
3762,5699,3729
3763,5700,3730
3764,5701,3730
3763,5703,3731
3764,5704,3731
3766,5705,3731
3746,5706,3732
3767,5707,3732
3768,5708,3732
3746,5709,3733
3769,5710,3733
3770,5711,3733
3771,5712,3735
1821,5713,3735
3,5714,3735
3772,5715,3736
3773,5716,3736
3774,5717,3737
3775,5718,3739
3776,5719,3741
3634,5720,3742
3777,5721,3742
2846,5722,3744
3778,5723,3744
3779,5724,3745
3572,5725,3746
3780,5726,3747
3728,5727,3747
3781,5728,3747
3782,5729,3747
3722,5730,3748
3783,5731,3748
3784,5732,3748
3785,5733,3748
3786,5734,3748
3787,5735,3748
3788,5736,3750
3789,5737,3750
3727,5738,3752
2251,5739,3753
1874,5740,3754
3045,5741,3754
3790,5742,3755
3390,5743,3756
3791,5744,3757
3757,5745,3757
3669,5746,3758
3732,5747,3758
,5748,3758
1064,5749,3759
1064,5750,3760
735,5751,3761
735,5752,3762
3792,5753,3763
3792,5754,3764
3730,5755,3765
3793,5756,3765
3730,5757,3766
3793,5758,3766
3726,5759,3767
3794,5760,3767
3726,5761,3768
3794,5762,3768
3795,5763,3769
3728,5764,3725
3728,5765,3770
3728,5766,3771
1064,5767,3772
3796,5768,3772
1064,5769,3773
3796,5770,3773
1064,5771,3774
3796,5772,3774
1064,5773,3775
3796,5774,3775
735,5775,3776
735,5776,3777
1874,5777,2715
1064,5778,2715
2544,5779,3781
3797,5780,3781
3730,5781,3781
3798,5782,3782
3757,5783,3782
1064,5784,3783
1064,5785,3784
3726,5786,3785
3726,5787,3786
3727,5788,3787
3727,5789,3788
3668,5790,3789
3668,5791,3790
3669,5792,3791
3732,5793,3791
735,5794,3792
735,5795,3793
735,5796,3794
735,5797,3795
3390,5798,3796
3390,5799,3797
3792,5800,3798
3792,5801,3799
3792,5802,3800
1064,5803,3801
3796,5804,3801
1064,5805,3802
3796,5806,3802
1064,5807,3803
3796,5808,3803
3728,5809,3804
3728,5810,3805
3728,5811,3806
3728,5812,3807
3728,5813,3808
3799,5814,3809
3800,5815,3809
3801,5816,3810
3802,5817,3811
3803,5818,3811
3804,5819,3811
3805,5820,3811
3806,5821,3812
3763,5822,3812
3764,5823,3812
3807,5824,3813
2869,5825,3814
3808,5826,3815
3809,5827,3816
3810,5828,3816
2869,5829,3816
3811,5830,3817
3812,5831,3817
3469,5832,3817
318,5833,3818
3813,5834,3819
3814,5835,3819
318,5836,3820
3815,5837,3821
3816,5838,3821
3817,5839,3822
3818,5840,3822
3819,5841,3823
3820,5842,3823
3821,5843,3823
3678,5844,3824
3821,5845,3824
3822,5846,3824
3819,5847,3824
3823,5848,3825
,5849,3826
,5850,3826
,5851,3826
3827,5852,3826
3828,5853,3826
3829,5854,3827
3830,5855,3827
3831,5856,3827
3833,5857,3827
3834,5858,3828
3835,5859,3829
3836,5860,3829
3837,5861,3829
3838,5862,3830
3839,5863,3830
3840,5864,3831
183,5865,3832
3841,5866,3833
3842,5867,3834
3843,5868,3835
3844,5869,3836
3845,5870,3836
3846,5871,3836
3847,5872,3837
3848,5873,3837
3849,5874,3838
3850,5875,3839
3851,5876,3839
3852,5877,3839
3853,5878,3839
3854,5879,3840
3855,5880,3840
3856,5881,3841
3857,5882,3841
3738,5883,3841
3858,5884,3842
3859,5885,3842
3860,5886,3843
3861,5887,3843
3862,5888,3844
2703,5889,3844
2356,5890,3844
2702,5891,3845
3863,5892,3846
3864,5893,3846
3865,5894,3847
3866,5895,3847
3072,5896,3847
1667,5897,3847
3867,5898,3848
3868,5899,3849
3869,5900,3850
3870,5901,3852
3871,5902,3852
3763,5903,3853
3867,5904,3854
3872,5905,3854
3873,5906,3855
3874,5907,3855
3875,5908,3855
3876,5909,3856
3877,5910,3856
3878,5911,3856
3879,5912,3856
3881,5913,3857
3882,5914,3857
3883,5915,3857
3884,5916,3857
3885,5917,3858
3886,5918,3858
3887,5919,3858
3888,5920,3859
3889,5921,3860
3890,5922,3860
3891,5923,3860
3892,5924,3861
3893,5925,3862
3824,5926,
3824,5927,3864
3825,5928,3864
3438,5929,3864
3827,5930,3864
3828,5931,3864
3728,5932,3865
3728,5933,3866
3728,5934,3867
3792,5935,3868
3792,5936,3869
735,5937,3870
735,5938,3871
735,5939,3872
3823,5940,3873
3867,5941,3874
3894,5942,3874
735,5943,3875
3390,5944,3876
1064,5945,3877
1064,5946,3878
3796,5947,3879
1064,5948,3879
3796,5949,3880
1064,5950,3880
3796,5951,3881
1064,5952,3881
3796,5953,3882
1064,5954,3882
3726,5955,3883
3794,5956,3883
3727,5957,3884
3727,5958,3885
1874,5959,3886
3045,5960,3886
3791,5961,3887
3757,5962,3887
3795,5963,3888
3895,5964,3888
3730,5965,3889
3793,5966,3889
3896,5967,3890
989,5968,3890
3896,5969,3891
989,5970,3891
3668,5971,3892
3668,5972,3893
3669,5973,3894
3732,5974,3894
1142,5975,3895
3897,5976,3896
3898,5977,3896
1021,5978,3897
3899,5979,3897
3900,5980,3897
3901,5981,3897
3902,5982,3897
3903,5983,3897
3896,5984,3898
3708,5985,3898
3896,5986,3899
3708,5987,3899
3796,5988,3900
1064,5989,3900
3796,5990,3901
1064,5991,3901
3796,5992,3902
1064,5993,3902
3728,5994,3903
3728,5995,3904
3728,5996,3905
3669,5997,3906
3732,5998,3906
3669,5999,3907
3732,6000,3907
735,6001,3908
735,6002,3909
735,6003,3910
3790,6004,3911
3668,6005,3912
3794,6006,3913
3726,6007,3913
3727,6008,3914
1874,6009,3915
3045,6010,3915
3792,6011,3916
3792,6012,3917
3390,6013,3918
3730,6014,3919
3793,6015,3919
3791,6016,3920
3795,6017,3921
3895,6018,3921
3795,6019,3922
3895,6020,3922
1064,6021,3923
1064,6022,3924
3904,6023,3925
3905,6024,3925
3906,6025,3925
3907,6026,3925
3908,6027,3925
3909,6028,3925
3910,6029,3925
3911,6030,3925
3912,6031,3925
3913,6032,3925
3914,6033,3925
3915,6034,3925
3916,6035,3926
3917,6036,3926
3918,6037,3926
3919,6038,3927
1095,6039,3927
3920,6040,3927
3728,6041,3928
951,6042,3929
3921,6043,3929
3922,6044,3929
3923,6045,3930
3924,6046,3930
3925,6047,3931
3926,6048,3931
3927,6049,3931
3928,6050,3931
3929,6051,3932
3763,6052,3933
3568,6053,3934
3930,6054,3935
3931,6055,3935
3932,6056,3935
3933,6057,3935
3934,6058,3936
3935,6059,3937
3823,6060,3938
3823,6061,3939
3936,6062,3940
3937,6063,3941
3938,6064,3941
3939,6065,3941
3802,6066,3942
3803,6067,3942
3804,6068,3942
3805,6069,3942
3940,6070,3943
3941,6071,3943
222,6072,3944
3942,6073,3944
3943,6074,3944
3944,6075,3944
3945,6076,3945
1021,6077,3946
3946,6078,3947
3947,6079,3947
3948,6080,3948
3949,6081,3949
3950,6082,3949
3951,6083,3949
313,6084,3950
313,6085,3951
3824,6086,3952
3952,6087,3953
3953,6088,3953
1371,6089,3953
3954,6090,3953
3955,6091,3953
3956,6092,3953
3957,6093,3954
3958,6094,3954
3959,6095,3954
1874,6096,3955
3045,6097,3955
3791,6098,3956
3795,6099,3957
3895,6100,3957
3795,6101,3958
3895,6102,3958
3728,6103,3959
3728,6104,3960
3792,6105,3961
3792,6106,3962
3390,6107,3963
3390,6108,3964
3794,6109,3965
3960,6110,3965
3796,6111,3966
1064,6112,3966
3796,6113,3967
1064,6114,3967
3796,6115,3968
1064,6116,3968
3727,6117,3969
3790,6118,3970
3790,6119,3971
3669,6120,3972
3732,6121,3972
3669,6122,3973
3732,6123,3973
3668,6124,3974
3668,6125,3975
735,6126,3976
3961,6127,3976
735,6128,3977
3961,6129,3977
735,6130,3978
3961,6131,3978
3896,6132,3979
989,6133,3979
3896,6134,3980
989,6135,3980
3730,6136,3981
3793,6137,3981
3730,6138,3982
3793,6139,3982
3730,6140,3983
3793,6141,3983
1064,6142,3984
1064,6143,3985
2571,6144,3986
3962,6145,3987
3963,6146,3987
3964,6147,3987
3494,6148,3988
3719,6149,3988
3720,6150,3988
3965,6151,3989
3966,6152,3989
3727,6153,3989
989,6154,3989
1064,6155,3989
3967,6156,3992
3080,6157,3993
3968,6158,3993
3969,6159,3993
3970,6160,3994
3971,6161,3995
3972,6162,3995
3438,6163,3996
3494,6164,3996
3973,6165,3996
3974,6166,3996
3975,6167,3997
3976,6168,3997
3977,6169,3998
3978,6170,3999
3979,6171,4001
3980,6172,4001
3981,6173,4002
3958,6174,4002
3716,6175,4002
313,6176,4004
3982,6177,4005
3983,6178,4005
3984,6179,4005
3985,6180,4005
3986,6181,4005
3987,6182,4006
3535,6183,4007
3533,6184,4007
3534,6185,4007
3988,6186,4008
3989,6187,4009
3948,6188,
3990,6189,4010
3991,6190,4010
3669,6191,4011
3732,6192,4011
1874,6193,4012
3992,6194,4012
3795,6195,4013
3993,6196,4013
735,6197,4014
3961,6198,4014
735,6199,4015
3961,6200,4015
2251,6201,4016
735,6202,4017
3961,6203,4017
1064,6204,4018
1064,6205,4019
3896,6206,4020
989,6207,4020
3896,6208,4021
989,6209,4021
1874,6210,4022
3992,6211,4022
3730,6212,4023
3793,6213,4023
3730,6214,4024
3793,6215,4024
3669,6216,4025
3732,6217,4025
3728,6218,4026
3728,6219,4027
3728,6220,4028
3792,6221,4029
1698,6222,4029
3792,6223,4030
1698,6224,4030
3390,6225,4031
3796,6226,4032
1064,6227,4032
3796,6228,4033
1064,6229,4033
3960,6230,4034
3994,6231,4034
3960,6232,4035
3994,6233,4035
3727,6234,4036
3727,6235,4037
3790,6236,4038
3790,6237,4039
1064,6238,4040
3995,6239,4041
3996,6240,4043
3997,6241,4043
3998,6242,4044
3999,6243,4046
4000,6244,4046
4001,6245,4047
1031,6246,4047
4002,6247,4048
4003,6248,4048
4004,6249,4048
4005,6250,4048
,6251,
3807,6252,4050
4006,6253,4051
4007,6254,4051
4008,6255,4051
4009,6256,4052
1064,6257,4053
1064,6258,4054
1064,6259,4055
1064,6260,4056
3796,6261,4056
4010,6262,4057
4011,6263,4058
4012,6264,4059
4013,6265,4059
1064,6266,4060
735,6267,4061
3961,6268,4061
735,6269,4062
3961,6270,4062
735,6271,4063
3961,6272,4063
735,6273,4064
3961,6274,4064
3668,6275,4065
3668,6276,4066
3390,6277,4067
3669,6278,4068
3732,6279,4068
1874,6280,4069
3992,6281,4069
3795,6282,4070
4014,6283,4070
3795,6284,4071
4014,6285,4071
3730,6286,4072
3793,6287,4072
3730,6288,4073
3793,6289,4073
3896,6290,4074
3708,6291,4074
3896,6292,4075
3708,6293,4075
3948,6294,4076
3792,6295,4077
1698,6296,4077
3792,6297,4078
1698,6298,4078
3728,6299,4079
3728,6300,4080
3728,6301,4081
3960,6302,4082
3994,6303,4082
3960,6304,4083
3994,6305,4083
3790,6306,4084
3790,6307,4085
3727,6308,4086
3727,6309,4087
3796,6310,4088
1064,6311,4088
3796,6312,4089
1064,6313,4089
3965,6314,4091
4015,6315,4091
3727,6316,4091
3708,6317,4091
1064,6318,4091
3728,6319,3779
3728,6320,4049
3728,6321,4045
3792,6322,4042
1698,6323,4042
3792,6324,4000
1698,6325,4000
3390,6326,3780
4016,6327,3780
3796,6328,4092
1064,6329,4092
3796,6330,4093
1064,6331,4093
3669,6332,4094
3732,6333,4094
3727,6334,4095
3727,6335,4096
3727,6336,4097
3727,6337,4098
3790,6338,4099
3790,6339,4100
3960,6340,4101
3994,6341,4101
3960,6342,4102
3994,6343,4102
2251,6344,4103
2251,6345,4104
4017,6346,4105
4018,6347,4105
735,6348,4105
4017,6349,4106
4018,6350,4106
735,6351,4106
4017,6352,4107
4018,6353,4107
735,6354,4107
4019,6355,4108
1874,6356,4109
3992,6357,4109
1874,6358,4110
3992,6359,4110
3795,6360,4111
4014,6361,4111
3730,6362,4112
3793,6363,4112
3730,6364,4113
3793,6365,4113
4020,6366,4114
3896,6367,4114
4020,6368,4115
3896,6369,4115
3728,6370,4003
3792,6371,4003
1698,6372,4003
4017,6373,4003
4018,6374,4003
735,6375,4003
3727,6376,4003
3390,6377,4003
4021,6378,4003
,6379,4003
3790,6380,4116
3948,6381,4116
3730,6382,4116
3793,6383,4116
4012,6384,4116
4013,6385,4116
4010,6386,4116
3960,6387,4117
3994,6388,4117
4022,6389,4117
4023,6390,4117
3728,6391,4118
3792,6392,4118
1698,6393,4118
3669,6394,4118
3732,6395,4118
1874,6396,4118
3992,6397,4118
4019,6398,4119
3795,6399,4119
4024,6400,4119
4025,6401,4119
3708,6402,4119
3668,6403,4120
4020,6404,4120
3896,6405,4120
3796,6406,4120
1064,6407,4120
3668,6408,4121
3727,6409,4121
4012,6410,4122
4013,6411,4122
3948,6412,4123
4010,6413,4124
4024,6414,4125
4022,6415,4126
4023,6416,4126
3708,6417,4127
4025,6418,4127
1064,6419,4128
3796,6420,4128
4023,6421,4128
1064,6422,4129
3796,6423,4129
4023,6424,4129
1064,6425,4130
3796,6426,4130
4023,6427,4130
1064,6428,4131
3796,6429,4131
4023,6430,4131
1064,6431,4132
3796,6432,4132
4023,6433,4132
3708,6434,4132
1064,6435,4133
3796,6436,4133
4023,6437,4133
3708,6438,4133
4026,6439,4134
4027,6440,4135
4028,6441,4135
3853,6442,4135
4029,6443,4136
4030,6444,4137
4031,6445,4137
4032,6446,4137
4033,6447,4137
3807,6448,4138
4034,6449,4139
4035,6450,4139
4036,6451,4139
4037,6452,4139
4038,6453,4139
4039,6454,4140
4040,6455,4140
3532,6456,4141
3800,6457,4142
3799,6458,4142
4041,6459,4142
4042,6460,4143
4043,6461,4143
4044,6462,4144
4045,6463,4144
4046,6464,4145
4047,6465,4145
4048,6466,4145
4049,6467,4145
4050,6468,4145
4018,6469,4146
4051,6470,4146
4052,6471,4147
4053,6472,4147
4054,6473,4147
4055,6474,4147
4056,6475,4148
4057,6476,4148
4058,6477,4148
4059,6478,4149
4060,6479,4149
4029,6480,4150
4061,6481,4151
3668,6482,4152
4062,6483,4152
4063,6484,4152
3592,6485,4152
4064,6486,4153
4065,6487,4153
4066,6488,4154
4067,6489,4154
4068,6490,4154
4069,6491,4155
4070,6492,4155
4071,6493,4156
4072,6494,4157
4074,6495,4158
4075,6496,4159
4076,6497,4159
4077,6498,4159
4078,6499,4161
4079,6500,4162
4080,6501,4162
4081,6502,4162
4082,6503,4162
1969,6504,4163
4086,6505,4164
4086,6506,4166
4087,6507,4166
4088,6508,4166
4089,6509,4166
4087,6510,4164
4088,6511,4164
4089,6512,4164
4090,6513,4167
3835,6514,4167
3807,6515,4168
4091,6516,4169
4092,6517,4170
4093,6518,4171
4094,6519,4171
701,6520,4172
2441,6521,4173
4095,6522,4174
3946,6523,4175
1733,6524,4175
4046,6525,4176
4047,6526,4176
4096,6527,4176
4097,6528,4176
4098,6529,4176
4099,6530,4177
4100,6531,4177
4102,6532,4178
4103,6533,4178
4104,6534,4179
4105,6535,4179
4106,6536,4179
4107,6537,4179
4108,6538,4180
4109,6539,4180
4110,6540,4181
4032,6541,4182
4052,6542,
1334,1753,1754
2417,3753,2443
3584,5394,3476
3585,5395,3477
989,5396,3479
3586,5397,3480
3587,5398,3481
3588,5399,3481
335,5400,3482
3589,5401,3482
3590,5402,3482
3591,5403,3482
3592,5404,3482
1064,5405,3483
835,5406,
143,5407,3492
3593,5408,3495
3469,5409,
3469,5410,
3594,5411,3499
3594,5412,3500
3594,5413,3501
3595,5414,3502
1698,5415,3502
3595,5416,3503
1698,5417,3503
3390,5418,3504
3596,5419,3504
3390,5420,3505
3597,5421,3505
3598,5422,3506
1064,5423,3506
3598,5424,3507
1064,5425,3507
3599,5426,3508
3600,5427,3508
3599,5428,3509
3600,5429,3509
3602,5430,3510
3602,5431,3511
3603,5432,3512
3603,5433,3513
3604,5434,3514
3605,5435,3514
3604,5436,3515
3605,5437,3515
3606,5438,3516
3606,5439,3517
735,5440,3518
3607,5441,3518
735,5442,3519
3607,5443,3519
735,5444,3520
3607,5445,3520
1874,5446,3521
3608,5447,3521
3609,5448,3522
3610,5449,3522
3611,5450,3523
3612,5451,3523
3611,5452,3524
3612,5453,3524
3613,5454,3525
3614,5455,3525
3613,5456,3526
3614,5457,3526
3613,5458,3527
3614,5459,3527
,5460,3527
3615,5461,3528
3616,5462,3529
3617,5463,3530
3617,5464,3531
3618,5465,3532
3619,5466,3532
3620,5467,3533
989,5468,3534
3621,5469,3534
3622,5470,3535
3623,5471,3535
1064,5472,3536
3598,5473,3536
1064,5474,3537
3598,5475,3537
1064,5476,3538
3598,5477,3538
3624,5478,3539
3598,5479,3539
3625,5480,3539
1064,5481,3540
3598,5482,3540
3625,5483,3540
1064,5484,3541
735,5485,3541
3607,5486,3541
3602,5487,3541
3615,5488,3541
3620,5489,3541
1064,5490,3542
3594,5491,3542
3622,5492,3542
3623,5493,3542
1064,5494,3543
3390,5495,3543
3626,5496,3543
3604,5497,3543
3605,5498,3543
3611,5499,3543
3612,5500,3543
3616,5501,3543
3618,5502,3543
3619,5503,3543
1064,5504,3544
3598,5505,3544
3613,5506,3544
3614,5507,3544
1064,5508,3545
989,5509,3545
3621,5510,3545
3595,5511,3545
1698,5512,3545
3603,5513,3545
3609,5514,3545
3610,5515,3545
1064,5516,3546
3601,5517,3546
3600,5518,3546
1064,5519,3547
3606,5520,3547
1874,5521,3547
3608,5522,3547
3617,5523,3547
3594,5524,3548
3594,5525,3549
3594,5526,3550
3595,5527,3551
1698,5528,3551
3595,5529,3552
1698,5530,3552
3390,5531,3553
3626,5532,3553
3598,5533,3554
1064,5534,3554
3598,5535,3555
1064,5536,3555
3601,5537,3556
3600,5538,3556
1064,5539,3557
3598,5540,3557
3625,5541,3557
1064,5542,3558
3598,5543,3558
3625,5544,3558
1064,5545,3559
3627,5546,3559
3628,5547,3559
735,5548,3559
3595,5549,3559
1698,5550,3559
3629,5551,3559
3603,5552,3559
3616,5553,3559
3615,5554,3559
1064,5555,3560
3594,5556,3560
3601,5557,3560
3600,5558,3560
1874,5559,3560
3608,5560,3560
3622,5561,3560
3625,5562,3560
1064,5563,3561
3390,5564,3561
3626,5565,3561
3604,5566,3561
3605,5567,3561
3598,5568,3561
3613,5569,3561
3614,5570,3561
3611,5571,3561
3612,5572,3561
3618,5573,3561
3619,5574,3561
3620,5575,3561
1064,5576,3562
3606,5577,3562
3630,5578,3562
3609,5579,3562
3610,5580,3562
989,5581,3562
3621,5582,3562
3618,5583,3563
3619,5584,3563
3618,5585,3564
3619,5586,3564
3620,5587,3565
3620,5588,3566
989,5589,3567
3621,5590,3567
3622,5591,3568
3625,5592,3568
1064,5593,3569
3598,5594,3569
3625,5595,3569
1064,5596,3570
3598,5597,3570
3625,5598,3570
1064,5599,3571
3598,5600,3571
3625,5601,3571
1874,5602,3572
3608,5603,3572
3609,5604,3573
3610,5605,3573
3611,5606,3574
3612,5607,3574
3611,5608,3575
3612,5609,3575
3613,5610,3576
3614,5611,3576
3613,5612,3577
3614,5613,3577
3615,5614,3578
3616,5615,3579
3616,5616,3580
3630,5617,3581
3629,5618,3582
3629,5619,3583
3629,5620,3584
3603,5621,3585
3603,5622,3586
3604,5623,3587
3605,5624,3587
3606,5625,3588
3606,5626,3589
3627,5627,3590
3607,5628,3590
735,5629,3590
3627,5630,3591
3607,5631,3591
735,5632,3591
3627,5633,3592
3607,5634,3592
735,5635,3592
3594,5636,3593
3631,5637,3593
3594,5638,3594
3631,5639,3594
3594,5640,3595
3631,5641,3595
3594,5642,3596
3631,5643,3596
1698,5644,3597
3632,5645,3597
1698,5646,3598
3632,5647,3598
3390,5648,3599
3626,5649,3599
3390,5650,3600
3626,5651,3600
3604,5652,3601
3605,5653,3601
3598,5654,3602
1064,5655,3602
3598,5656,3603
1064,5657,3603
3629,5658,3604
3602,5659,3605
3602,5660,3606
3633,5661,3607
3634,5662,3607
3633,5663,3608
3634,5664,3608
3601,5665,3609
3600,5666,3609
3606,5667,3610
3606,5668,3611
735,5669,3612
3607,5670,3612
3627,5671,3612
735,5672,3613
3607,5673,3613
3627,5674,3613
735,5675,3614
3628,5676,3614
3627,5677,3614
735,5678,3615
3607,5679,3615
3627,5680,3615
735,5681,3616
3607,5682,3616
3627,5683,3616
3635,5684,3616
3620,5685,3617
1874,5686,3618
3608,5687,3618
1874,5688,3619
3608,5689,3619
3636,5690,3620
3610,5691,3620
3636,5692,3621
3610,5693,3621
3611,5694,3622
3612,5695,3622
3611,5696,3623
3612,5697,3623
3613,5698,3624
3614,5699,3624
3613,5700,3625
3614,5701,3625
3618,5702,3626
3619,5703,3626
3615,5704,3627
3616,5705,3628
3616,5706,3629
3617,5707,3630
3617,5708,3631
3622,5709,3632
3625,5710,3632
3622,5711,3633
3625,5712,3633
989,5713,3634
3621,5714,3634
3594,5715,3635
3631,5716,3635
735,5717,3635
3607,5718,3635
3627,5719,3635
3390,5720,3635
3626,5721,3635
3604,5722,3635
3605,5723,3635
3602,5724,3635
3613,5725,3636
3614,5726,3636
3606,5727,3636
3598,5728,3636
1064,5729,3636
,5730,3636
1698,5731,3637
3632,5732,3637
3633,5733,3637
3634,5734,3637
3620,5735,3637
3606,5736,3638
3617,5737,3638
1874,5738,3638
3608,5739,3638
,5740,3638
3601,5741,3639
3600,5742,3639
3616,5743,3639
3622,5744,3640
3625,5745,3640
3615,5746,3640
3611,5747,3641
3612,5748,3641
3618,5749,3641
3619,5750,3641
3636,5751,3641
3610,5752,3641
3621,5753,3641
989,5754,3641
1064,5755,3642
3598,5756,3642
3625,5757,3642
989,5758,3642
1064,5759,3643
3598,5760,3643
3625,5761,3643
989,5762,3643
,5763,3643
1064,5764,3644
3598,5765,3644
3625,5766,3644
989,5767,3644
1064,5768,3645
3598,5769,3645
3625,5770,3645
989,5771,3645
1064,5772,3646
3598,5773,3646
3625,5774,3646
989,5775,3646
1064,5776,3647
3598,5777,3647
3625,5778,3647
989,5779,3647
1064,5780,3648
3598,5781,3648
3625,5782,3648
989,5783,3648
