BookID,BookTopicID,TopicID
1,2234,1
2,2235,1
3,2236,42
4,2237,89
5,2238,14
8,2241,7
9,2242,5
10,2243,5
11,2244,5
12,2245,8
13,2246,8
14,2247,8
15,2248,216
16,2249,10
17,2250,265
18,2251,265
19,2252,9
20,2253,12
21,2254,13
22,2255,14
23,2256,15
25,2257,14
26,2258,15
27,2259,15
28,2260,15
29,2261,15
30,2262,15
31,2263,9
32,2264,9
33,2265,16
34,2266,14
35,2267,116
36,2268,15
37,2269,18
38,2270,19
39,2271,20
40,2272,21
41,2273,21
42,2274,22
43,2275,5
44,2276,23
45,2277,23
46,2278,24
47,2279,25
48,2280,92
49,2281,10
50,2282,27
51,2283,27
52,2284,27
53,2285,27
54,2286,28
55,2287,47
56,2288,29
57,2289,29
58,2290,10
59,2291,30
60,2292,80
61,2293,31
62,2294,3
63,2295,22
64,2296,181
65,2297,34
66,2298,27
67,2299,42
68,2300,36
69,2301,25
70,2302,37
71,2303,10
72,2304,38
73,2305,8
74,2306,39
75,2307,53
76,2308,12
77,2309,10
78,2310,68
79,2311,42
80,2312,42
81,2313,22
82,2314,262
83,2315,46
84,2316,47
85,2317,48
86,2318,49
87,2319,24
88,2320,23
89,2321,51
90,2322,10
91,2323,25
92,2324,25
93,2325,25
94,2326,25
95,2327,10
96,2328,10
97,2329,52
98,2330,52
99,2331,15
100,2332,52
101,2333,52
102,2334,52
103,2335,53
104,2336,53
105,2337,54
106,2338,108
107,2339,26
108,2340,56
109,2341,20
110,2342,20
111,2343,57
112,2344,7
113,2345,58
114,2346,59
115,2347,37
116,2348,203
117,2349,61
118,2350,15
119,2351,15
120,2352,22
121,2353,22
122,2354,22
123,2355,22
124,2356,116
125,2357,63
126,2358,257
127,2359,64
128,2360,64
129,2361,64
130,2362,64
131,2363,64
132,2364,64
133,2365,64
134,2366,64
135,2367,266
136,2368,266
137,2369,266
138,2370,266
139,2371,266
140,2372,66
141,2373,66
142,2374,267
143,2375,267
144,2376,267
145,2377,24
146,2378,10
147,2379,25
148,2380,250
149,2381,23
150,2382,10
151,2383,7
152,2384,254
153,2385,10
154,2386,10
155,2387,70
156,2388,71
157,2389,71
158,2390,72
159,2391,73
160,2392,116
161,2393,75
162,2394,75
164,2396,140
165,2397,15
166,2398,31
167,2399,250
168,2400,68
169,2401,78
170,2402,15
171,2403,15
172,2404,92
173,2405,79
174,2406,10
175,2407,22
176,2408,89
177,2409,22
178,2410,9
179,2411,29
180,2412,196
181,2413,42
182,2414,63
183,2415,53
184,2416,14
185,2417,22
186,2418,80
187,2419,81
188,2420,82
189,2421,83
191,2422,15
192,2423,46
193,2424,37
194,2425,80
195,2426,5
196,2427,53
197,2428,80
198,2429,29
199,2430,42
200,2431,26
201,2432,22
202,2433,85
203,2434,86
204,2435,72
205,2436,196
207,2438,71
208,2439,15
209,2440,89
210,2441,90
211,2442,22
212,2443,5
213,2444,92
214,2445,15
215,2446,23
216,2447,9
217,2448,83
218,2449,83
219,2450,89
220,2451,90
221,2452,42
222,2453,89
223,2454,5
224,2455,10
225,2456,15
226,2457,5
227,2458,42
228,2459,14
229,2460,7
230,2461,29
231,2462,10
232,2463,42
233,2464,26
234,2465,93
235,2466,93
236,2467,93
237,2468,93
238,2469,93
239,2470,93
240,2471,93
241,2472,93
242,2473,93
243,2474,93
244,2475,93
245,2476,93
246,2477,93
247,2478,93
248,2479,93
249,2480,93
250,2481,93
251,2482,93
252,2483,94
253,2484,93
254,2485,93
255,2486,93
256,2487,93
257,2488,93
258,2489,94
259,2490,94
260,2491,94
261,2492,94
262,2493,93
263,2494,93
264,2495,93
265,2496,95
266,2497,96
267,2498,97
268,2499,97
269,2500,97
270,2501,97
271,2502,94
272,2503,94
273,2504,94
274,2505,94
275,2506,94
276,2507,94
277,2508,94
278,2509,94
279,2510,94
280,2511,94
281,2512,94
282,2513,94
283,2514,94
284,2515,94
285,2516,97
286,2517,97
287,2518,97
288,2519,97
289,2520,97
290,2521,97
291,2522,97
292,2523,97
293,2524,97
294,2525,97
295,2526,98
296,2527,94
297,2528,96
298,2529,96
299,2530,268
300,2531,268
301,2532,268
302,2533,268
303,2534,268
304,2535,96
305,2536,96
306,2537,96
307,2538,96
308,2539,269
309,2540,269
310,2541,270
311,2542,270
312,2543,96
313,2544,100
314,2545,100
315,2546,100
316,2547,22
317,2548,12
318,2549,140
319,2550,101
320,2551,92
321,2552,207
322,2553,9
323,2554,25
324,2555,197
325,2556,103
326,2557,42
327,2558,22
328,2559,14
329,2560,14
330,2561,104
331,2562,34
332,2563,34
333,2564,34
334,2565,14
335,2566,89
337,2568,78
338,2569,14
339,2570,116
340,2571,116
341,2572,116
342,2573,63
343,2574,148
344,2575,42
345,2576,92
346,2577,75
347,2578,15
348,2579,7
349,2580,107
350,2581,80
351,2582,72
352,2583,14
353,2584,29
354,2585,108
355,2586,59
356,2587,10
357,2588,10
358,2589,10
359,2590,15
360,2591,257
361,2592,86
362,2593,110
363,2594,110
364,2595,14
365,2596,14
366,2597,68
367,2598,23
368,2599,10
369,2600,14
370,2601,14
371,2602,14
372,2603,14
373,2604,7
374,2605,89
375,2606,113
376,2607,113
377,2608,22
378,2609,26
379,2610,49
380,2611,112
381,2612,26
382,2613,113
383,2614,114
384,2615,42
385,2616,58
386,2617,58
387,2618,10
388,2619,78
389,2620,7
390,2621,7
391,2622,42
392,2623,53
393,2624,116
394,2625,22
395,2626,26
396,2627,63
397,2628,10
398,2629,22
399,2630,10
400,2631,10
401,2632,10
402,2633,26
403,2634,30
404,2635,15
405,2636,8
406,2637,29
407,2638,89
408,2639,89
409,2640,53
410,2641,81
411,2642,117
413,2644,9
414,2645,9
415,2646,53
416,2647,42
417,2648,77
418,2649,76
419,2650,76
420,2651,5
421,2652,22
422,2653,76
423,2654,72
424,2655,104
425,2656,80
426,2657,40
427,2658,5
428,2659,5
429,2660,196
430,2661,34
431,2662,108
432,2663,71
433,2664,75
434,2665,61
435,2666,143
436,2667,15
437,2668,42
438,2669,42
439,2670,10
441,2671,92
442,2672,80
443,2673,80
444,2674,80
445,2675,80
446,2676,22
447,2677,24
448,2678,42
449,2679,119
450,2680,208
451,2681,119
453,2683,58
454,2684,116
455,2685,31
456,2686,34
457,2687,15
458,2688,12
459,2689,10
460,2690,24
461,2691,27
462,2692,122
463,2693,122
464,2694,10
465,2695,25
466,2696,89
467,2697,36
468,2698,42
469,2699,72
470,2700,46
471,2701,48
472,2702,48
473,2703,48
474,2704,48
475,2705,48
476,2706,48
477,2707,48
478,2708,48
479,2709,48
480,2710,48
481,2711,48
482,2712,48
483,2713,48
484,2714,48
485,2715,48
486,2716,48
487,2717,48
488,2718,48
489,2719,48
490,2720,16
491,2721,82
492,2722,82
493,2723,82
494,2724,82
495,2725,82
496,2726,82
497,2727,82
498,2728,82
499,2729,82
500,2730,46
501,2731,123
502,2732,37
503,2733,82
504,2734,123
505,2735,123
506,2736,123
507,2737,123
508,2738,123
509,2739,123
511,2741,46
512,2742,46
513,2743,46
514,2744,46
515,2745,46
516,2746,46
517,2747,46
518,2748,46
519,2749,46
520,2750,46
521,2751,46
522,2752,46
523,2753,46
524,2754,46
525,2755,46
526,2756,46
527,2757,46
528,2758,46
529,2759,46
530,2760,119
531,2761,90
532,2762,90
533,2763,9
534,2764,9
535,2765,9
536,2766,16
538,2768,48
539,2769,48
540,2770,3
541,2771,16
542,2772,16
543,2773,16
544,2774,16
545,2775,82
546,2776,16
547,2777,90
548,2778,90
549,2779,90
550,2780,125
551,2781,125
552,2782,16
553,2783,16
554,2784,22
555,2785,48
556,2786,48
557,2787,48
558,2788,48
559,2789,48
560,2790,48
561,2791,48
562,2792,48
563,2793,48
564,2794,48
565,2795,48
566,2796,48
567,2797,48
568,2798,48
569,2799,48
570,2800,48
571,2801,126
572,2802,82
573,2803,48
574,2804,48
575,2805,48
576,2806,127
577,2807,16
578,2808,123
579,2809,82
580,2810,48
581,2811,48
582,2812,127
583,2813,82
584,2814,82
585,2815,125
586,2816,116
587,2817,46
588,2818,46
589,2819,73
590,2820,73
591,2821,26
592,2822,27
593,2823,27
594,2824,27
595,2825,27
596,2826,27
597,2827,27
598,2828,27
599,2829,27
600,2830,27
601,2831,128
602,2832,128
603,2833,128
604,2834,27
605,2835,128
606,2836,128
607,2837,27
608,2838,27
610,2840,119
611,2841,5
612,2842,7
613,2843,21
614,2844,23
615,2845,30
616,2846,196
617,2847,75
618,2848,48
619,2849,129
620,2850,42
621,2851,22
622,2852,7
623,2853,26
624,2854,26
625,2855,26
626,2856,22
627,2857,49
628,2858,15
629,2859,22
630,2860,131
631,2861,132
632,2862,76
633,2863,34
634,2864,9
635,2865,112
636,2866,112
637,2867,75
638,2868,75
639,2869,14
640,2870,14
641,2871,23
642,2872,23
643,2873,7
644,2874,7
646,2876,53
647,2877,22
648,2878,103
649,2879,14
650,2880,12
651,2881,25
652,2882,42
653,2883,75
655,2885,29
656,2886,71
657,2887,89
658,2888,22
659,2889,5
660,2890,68
661,2891,113
662,2892,23
663,2893,23
664,2894,281
665,2895,22
666,2896,24
667,2897,75
668,2898,51
669,2899,9
670,2900,8
671,2901,22
672,2902,5
673,2903,22
674,2904,22
675,2905,14
676,2906,92
677,2907,14
678,2908,131
679,2909,27
680,2910,10
681,2911,207
682,2912,207
683,2913,10
684,2914,92
685,2915,
686,2916,48
687,2917,61
688,2918,22
689,2919,103
690,2920,31
691,2921,10
692,2922,10
693,2923,257
694,2924,15
695,2925,75
696,2926,116
697,2927,72
698,2928,116
699,2929,14
700,2930,14
701,2931,90
702,2932,34
703,2933,108
704,2934,40
705,2935,26
706,2936,22
707,2937,24
708,2938,15
709,2939,26
710,2940,42
711,2941,250
712,2942,15
713,2943,71
714,2944,22
715,2945,22
716,2946,15
717,2947,103
718,2948,15
719,2949,137
720,2950,23
721,2951,104
722,2952,104
723,2953,106
724,2954,63
725,2955,90
726,2956,14
727,2957,15
728,2958,42
729,2959,137
730,2960,15
731,2961,8
732,2962,10
733,2963,7
734,2964,22
735,2965,261
736,2966,7
737,2967,54
738,2968,3
739,2969,3
740,2970,89
741,2971,53
742,2972,10
743,2973,14
746,2976,5
747,2977,23
748,2978,76
749,2979,51
750,2980,92
751,2981,14
752,2982,22
753,2983,139
754,2984,139
755,2985,139
756,2986,26
757,2987,21
758,2988,22
759,2989,25
760,2990,42
761,2991,81
762,2992,26
763,2993,63
764,2994,48
765,2995,73
766,2996,82
767,2997,140
768,2998,73
769,2999,141
770,3000,142
771,3001,63
772,3002,25
773,3003,22
774,3004,250
775,3005,103
776,3006,10
777,3007,22
778,3008,143
779,3009,22
780,3010,37
781,3011,26
782,3012,15
783,3013,72
784,3014,14
785,3015,181
786,3016,30
787,3017,181
788,3018,116
789,3019,15
790,3020,86
791,3021,22
792,3022,257
793,3023,257
794,3024,42
795,3025,104
796,3026,92
797,3027,76
798,3028,42
799,3029,90
801,3031,90
802,3032,42
803,3033,196
804,3034,89
805,3035,70
806,3036,119
807,3037,9
808,3038,9
809,3039,23
810,3040,23
811,3041,10
812,3042,42
813,3043,29
814,3044,7
815,3045,9
816,3046,26
817,3047,25
819,3049,76
820,3050,140
821,3051,14
822,3052,14
823,3053,19
824,3054,103
825,3055,42
826,3056,14
827,3057,90
828,3058,108
829,3059,108
830,3060,42
831,3061,15
832,3062,92
833,3063,25
834,3064,90
835,3065,123
836,3066,25
837,3067,207
838,3068,10
839,3069,15
840,3070,10
841,3071,8
842,3072,8
843,3073,7
844,3074,58
845,3075,29
846,3076,24
847,3077,68
848,3078,15
849,3079,76
850,3080,42
851,3081,138
852,3082,89
853,3083,82
854,3084,132
855,3085,22
856,3086,29
857,3087,15
858,3088,250
859,3089,6
860,3090,14
861,3091,14
862,3092,146
863,3093,14
864,3094,14
865,3095,14
866,3096,37
867,3097,21
868,3098,21
869,3099,12
870,3100,14
871,3101,14
872,3102,10
873,3103,51
874,3104,42
875,3105,37
876,3106,12
877,3107,10
878,3108,147
879,3109,148
880,3110,148
881,3111,42
882,3112,42
883,3113,22
884,3114,142
885,3115,196
886,3116,26
887,3117,9
888,3118,9
889,3119,42
890,3120,23
891,3121,23
892,3122,23
893,3123,26
894,3124,22
896,3126,7
897,3127,42
898,3128,42
899,3129,42
900,3130,42
901,3131,82
902,3132,92
903,3133,250
904,3134,63
905,3135,51
906,3136,14
907,3137,14
908,3138,14
909,3139,103
910,3140,22
911,3141,251
912,3142,5
913,3143,15
914,3144,14
915,3145,92
916,3146,152
917,3147,76
918,3148,207
920,3150,207
921,3151,72
922,3152,14
923,3153,29
924,3154,10
925,3155,31
926,3156,26
927,3157,5
928,3158,24
929,3159,116
930,3160,22
931,3161,22
932,3162,23
933,3163,116
934,3164,90
935,3165,119
936,3166,14
937,3167,15
938,3168,7
939,3169,22
940,3170,28
941,3171,10
942,3172,89
943,3173,85
944,3174,119
945,3175,31
946,3176,42
947,3177,22
948,3178,10
949,3179,10
950,3180,10
951,3181,103
952,3182,21
953,3183,10
954,3184,42
955,3185,26
956,3186,86
957,3187,76
958,3188,63
959,3189,10
960,3190,22
961,3191,83
962,3192,63
963,3193,8
964,3194,47
965,3195,47
966,3196,26
967,3197,103
968,3198,103
969,3199,10
970,3200,104
971,3201,22
972,3202,22
973,3203,57
974,3204,143
975,3205,68
976,3206,37
977,3207,116
978,3208,148
979,3209,15
980,3210,143
981,3211,30
982,3212,89
983,3213,30
984,3214,22
985,3215,153
986,3216,153
987,3217,153
988,3218,257
989,3219,68
990,3220,155
991,3221,155
992,3222,155
993,3223,155
994,3224,155
995,3225,155
996,3226,155
997,3227,155
998,3228,155
999,3229,29
1000,3230,61
1001,3231,22
1002,3232,9
1003,3233,53
1004,3234,5
1005,3235,10
1006,3236,89
1008,3237,46
1009,3238,104
1010,3239,104
1011,3240,15
1012,3241,22
1013,3242,22
1014,3243,196
1015,3244,29
1016,3245,81
1017,3246,79
1018,3247,10
1019,3248,29
1020,3249,29
1021,3250,63
1022,3251,15
1023,3252,23
1024,3253,79
1025,3254,116
1026,3255,78
1027,3256,51
1028,3257,26
1029,3258,22
1030,3259,49
1031,3260,15
1032,3261,26
1033,3262,16
1034,3263,48
1035,3264,48
1036,3265,49
1037,3266,5
1038,3267,5
1039,3268,14
1040,3269,26
1041,3270,28
1042,3271,75
1043,3272,104
1044,3273,104
1045,3274,22
1046,3275,22
1047,3276,251
1048,3277,61
1049,3278,27
1050,3279,27
1051,3280,27
1052,3281,157
1053,3282,157
1054,3283,157
1055,3284,157
1056,3285,157
1057,3286,12
1058,3287,12
1059,3288,12
1060,3289,150
1061,3290,72
1062,3291,89
1063,3292,89
1064,3293,34
1065,3294,34
1066,3295,43
1067,3296,37
1068,3297,9
1069,3298,89
1070,3299,20
1071,3300,20
1072,3301,20
1073,3302,20
1074,3303,20
1075,3304,20
1076,3305,20
1077,3306,20
1078,3307,20
1079,3308,20
1080,3309,20
1081,3310,20
1082,3311,26
1083,3312,27
1084,3313,63
1085,3314,72
1086,3315,103
1087,3316,80
1088,3317,49
1089,3318,72
1090,3319,29
1091,3320,29
1092,3321,23
1093,3322,26
1094,3323,72
1095,3324,53
1096,3325,76
1097,3326,76
1098,3327,29
1099,3328,89
1100,3329,34
1101,3330,34
1102,3331,57
1103,3332,57
1104,3333,12
1105,3334,10
1106,3335,110
1107,3336,110
1108,3337,110
1109,3338,22
1110,3339,22
1111,3340,10
1112,3341,22
1113,3342,57
1114,3343,42
1115,3344,257
1116,3345,14
1117,3346,137
1118,3347,71
1119,3348,42
1120,3349,23
1121,3350,63
1122,3351,29
1123,3352,34
1124,3353,7
1125,3354,116
1126,3355,61
1127,3356,92
1128,3357,10
1129,3358,158
1130,3359,103
1131,3360,9
1132,3361,34
1133,3362,10
1134,3363,10
1135,3364,148
1136,3365,22
1137,3366,23
1138,3367,15
1139,3368,127
1140,3369,21
1141,3370,148
1142,3371,83
1143,3372,104
1144,3373,86
1145,3374,89
1146,3375,14
1147,3376,196
1148,3377,261
1149,3378,104
1150,3379,104
1151,3380,104
1152,3381,104
1153,3382,104
1154,3383,25
1155,3384,31
1156,3385,216
1157,3386,75
1158,3387,14
1159,3388,26
1160,3389,7
1161,3390,10
1162,3391,22
1163,3392,42
1165,3393,152
1166,3394,83
1167,3395,61
1168,3396,61
1169,3397,41
1170,3398,14
1171,3399,14
1172,3400,38
1173,3401,29
1174,3402,103
1175,3403,10
1176,3404,57
1177,3405,15
1178,3406,10
1179,3407,30
1180,3408,41
1181,3409,10
1182,3410,79
1183,3411,79
1184,3412,29
1185,3413,22
1186,3414,257
1187,3415,10
1188,3416,46
1189,3417,71
1190,3418,108
1191,3419,86
1192,3420,86
1193,3421,30
1194,3422,103
1195,3423,42
1196,3424,161
1197,3425,116
1198,3426,7
1199,3427,89
1200,3428,92
1201,3429,14
1202,3430,42
1203,3431,22
1204,3432,22
1205,3433,78
1206,3434,22
1207,3435,140
1208,3436,22
1209,3437,257
1210,3438,9
1211,3439,250
1212,3440,29
1213,3441,15
1214,3442,22
1216,3444,10
1217,3445,63
1218,3446,22
1219,3447,53
1220,3448,23
1221,3449,90
1222,3450,10
1223,3451,10
1224,3452,10
1225,3453,42
1226,3454,42
1227,3455,108
1228,3456,53
1229,3457,10
1230,3458,116
1231,3459,29
1232,3460,29
1233,3461,68
1234,3462,14
1235,3463,22
1236,3464,26
1237,3465,81
1238,3466,5
1239,3467,14
1240,3468,22
1241,3469,29
1242,3470,137
1243,3471,23
1244,3472,137
1245,3473,26
1246,3474,86
1247,3475,15
1248,3476,42
1249,3477,10
1250,3478,14
1251,3479,14
1252,3480,61
1253,3481,26
1254,3482,196
1255,3483,92
1256,3484,53
1257,3485,10
1258,3486,76
1259,3487,70
1260,3488,92
1261,3489,5
1262,3490,30
1263,3491,103
1264,3492,103
1265,3493,103
1266,3494,5
1267,3495,5
1268,3496,10
1269,3497,16
1270,3498,12
1271,3499,12
1272,3500,51
1273,3501,89
1274,3502,34
1275,3503,134
1276,3504,63
1277,3505,75
1278,3506,10
1279,3507,164
1280,3508,164
1281,3509,164
1282,3510,10
1283,3511,255
1284,3512,140
1285,3513,14
1286,3514,15
1287,3515,63
1288,3516,8
1289,3517,6
1290,3518,6
1291,3519,6
1292,3520,6
1293,3521,6
1294,3522,103
1295,3523,9
1296,3524,53
1297,3525,90
1298,3526,14
1299,3527,22
1300,3528,89
1301,3529,49
1302,3530,10
1303,3531,15
1304,3532,207
1305,3533,15
1306,3534,15
1307,3535,15
1308,3536,15
1309,3537,15
1310,3538,14
1311,3539,15
1312,3540,49
1313,3541,23
1314,3542,23
1315,3543,22
1316,3544,152
1317,3545,152
1318,3546,152
1319,3547,76
1320,3548,61
1321,3549,257
1322,3550,42
1323,3551,14
1324,3552,90
1325,3553,22
1326,3554,257
1327,3555,10
1328,3556,42
1329,3557,110
1330,3558,6
1331,3559,83
1332,3560,15
1333,3561,165
1334,3562,165
1335,3563,78
1336,3564,78
1337,3565,83
1338,3566,42
1339,3567,51
1340,3568,22
1341,3569,78
1342,3570,76
1343,3571,9
1344,3572,41
1345,3573,81
1346,3574,83
1347,3575,19
1348,3576,6
1349,3577,49
1350,3578,81
1351,3579,68
1352,3580,14
1353,3581,7
1354,3582,7
1355,3583,49
1356,3584,104
1357,3585,31
1358,3586,42
1359,3587,42
1360,3588,9
1361,3589,104
1362,3590,168
1363,3591,39
1364,3592,39
1365,3593,169
1366,3594,100
1367,3595,128
1368,3596,170
1369,3597,27
1370,3598,100
1371,3599,171
1372,3600,171
1373,3601,171
1374,3602,171
1375,3603,131
1376,3604,131
1377,3605,131
1378,3606,196
1379,3607,131
1380,3608,131
1381,3609,131
1382,3610,128
1383,3611,128
1384,3612,128
1385,3613,128
1386,3614,100
1387,3615,100
1388,3616,173
1389,3617,173
1390,3618,173
1391,3619,173
1392,3620,173
1393,3621,100
1394,3622,39
1395,3623,39
1396,3624,39
1397,3625,39
1398,3626,39
1399,3627,39
1400,3628,174
1401,3629,174
1402,3630,169
1403,3631,173
1404,3632,100
1405,3633,175
1406,3634,175
1407,3635,100
1408,3636,100
1409,3637,100
1410,3638,100
1411,3639,100
1412,3640,100
1413,3641,100
1414,3642,39
1415,3643,128
1416,3644,128
1417,3645,250
1418,3646,250
1419,3647,250
1420,3648,100
1421,3649,174
1422,3650,174
1423,3651,143
1424,3652,143
1425,3653,143
1426,3654,143
1427,3655,143
1428,3656,143
1429,3657,22
1430,3658,22
1431,3659,14
1432,3660,49
1433,3661,86
1434,3662,89
1435,3663,116
1436,3664,89
1437,3665,89
1438,3666,116
1439,3667,9
1440,3668,26
1441,3669,103
1442,3670,123
1443,3671,42
1444,3672,26
1445,3673,59
1446,3674,123
1447,3675,134
1448,3676,92
1449,3677,37
1450,3678,10
1451,3679,10
1452,3680,22
1453,3681,14
1454,3682,140
1455,3683,25
1456,3684,42
1457,3685,116
1458,3686,24
1459,3687,14
1460,3688,134
1461,3689,26
1462,3690,81
1463,3691,250
1464,3692,177
1465,3693,63
1466,3694,42
1467,3695,53
1468,3696,14
1469,3697,72
1470,3698,104
1471,3699,10
1472,3700,72
1473,3701,63
1474,3702,22
1475,3703,29
1476,3704,15
1477,3705,15
1478,3706,15
1479,3707,250
1481,3709,75
1482,3710,54
1483,3711,26
1484,3712,9
1485,3713,42
1486,3714,22
1487,3715,22
1488,3716,15
1489,3717,27
1490,3718,89
1491,3719,42
1492,3720,9
1493,3721,106
1494,3722,49
1495,3723,23
1496,3724,7
1497,3725,22
1498,3726,10
1499,3727,15
1500,3728,15
1501,3729,15
1502,3730,78
1503,3731,80
1504,3732,15
1505,3733,116
1506,3734,116
1507,3735,61
1508,3736,10
1509,3737,10
1510,3738,7
1511,3739,25
1512,3740,103
1513,3741,92
1514,3742,128
1515,3743,83
1516,3744,89
1517,3745,24
1518,3746,29
1519,3747,30
1520,3748,7
1521,3749,23
1522,3750,42
1523,3751,141
1524,3752,42
1525,3753,22
1526,3754,89
1527,3755,9
1528,3756,10
1529,3757,104
1532,3758,103
1533,3759,75
1534,3760,53
1535,3761,83
1536,3762,14
1537,3763,77
1538,3764,47
1539,3765,79
1540,3766,15
1541,3767,15
1542,3768,83
1543,3769,8
1544,3770,7
1545,3771,37
1546,3772,42
1547,3773,113
1548,3774,113
1549,3775,5
1550,3776,14
1551,3777,76
1552,3778,76
1553,3779,76
1554,3780,76
1555,3781,76
1556,3782,3
1558,3783,75
1559,3784,89
1560,3785,143
1561,3786,31
1562,3787,116
1563,3788,86
1564,3789,104
1565,3790,63
1566,3791,51
1567,3792,75
1568,3793,257
1569,3794,146
1570,3795,22
1571,3796,23
1572,3797,7
1573,3798,108
1574,3799,76
1576,3800,29
1577,3801,75
1579,3803,42
1580,3804,76
1581,3805,23
1582,3806,29
1583,3807,103
1584,3808,113
1585,3809,26
1586,3810,14
1587,3811,14
1588,3812,14
1589,3813,12
1590,3814,21
1591,3815,89
1592,3816,40
1593,3817,116
1594,3818,14
1595,3819,116
1596,3820,116
1597,3821,53
1598,3822,7
1599,3823,15
1600,3824,140
1601,3825,23
1602,3826,15
1603,3827,257
1604,3828,34
1605,3829,79
1606,3830,75
1607,3831,10
1608,3832,63
1609,3833,10
1610,3834,90
1611,3835,28
1613,3837,179
1614,3838,112
1615,3839,14
1616,3840,142
1617,3841,22
1618,3842,181
1619,3843,75
1620,3844,80
1621,3845,10
1622,3846,72
1623,3847,72
1624,3848,72
1625,3849,72
1626,3850,72
1627,3851,28
1628,3852,9
1629,3853,103
1630,3854,34
1631,3855,208
1632,3856,89
1633,3857,85
1634,3858,85
1635,3859,85
1636,3860,85
1637,3861,85
1638,3862,257
1639,3863,100
1640,3864,181
1641,3865,48
1642,3866,48
1643,3867,48
1644,3868,48
1645,3869,48
1646,3870,48
1647,3871,48
1648,3872,48
1649,3873,48
1650,3874,48
1651,3875,48
1652,3876,48
1653,3877,48
1654,3878,48
1655,3879,48
1656,3880,48
1657,3881,168
1658,3882,78
1659,3883,113
1660,3884,9
1661,3885,42
1662,3886,25
1663,3887,26
1664,3888,26
1665,3889,257
1666,3890,89
1667,3891,10
1668,3892,10
1669,3893,61
1670,3894,61
1671,3895,42
1672,3896,34
1673,3897,22
1674,3898,14
1675,3899,43
1676,3900,21
1677,3901,72
1678,3902,54
1679,3903,21
1680,3904,29
1681,3905,8
1682,3906,42
1683,3907,42
1684,3908,83
1685,3909,83
1686,3910,23
1687,3911,23
1688,3912,22
1689,3913,22
1690,3914,42
1691,3915,33
1692,3916,22
1693,3917,15
1694,3918,10
1695,3919,81
1696,3920,37
1697,3921,81
1698,3922,53
1699,3923,12
1700,3924,19
1701,3925,103
1702,3926,14
1703,3927,142
1706,3930,116
1707,3931,116
1708,3932,12
1709,3933,76
1710,3934,119
1711,3935,71
1712,3936,46
1713,3937,46
1714,3938,46
1715,3939,46
1716,3940,15
1717,3941,12
1718,3942,14
1719,3943,71
1720,3944,68
1721,3945,108
1722,3946,26
1723,3947,14
1724,3948,42
1725,3949,42
1726,3950,42
1727,3951,26
1728,3952,34
1729,3953,182
1730,3954,30
1731,3955,42
1732,3956,9
1733,3957,7
1734,3958,31
1735,3959,14
1736,3960,14
1737,3961,14
1738,3962,71
1739,3963,108
1740,3964,5
1741,3965,58
1742,3966,10
1743,3967,10
1744,3968,7
1745,3969,34
1746,3970,10
1747,3971,10
1748,3972,7
1749,3973,14
1750,3974,14
1751,3975,14
1752,3976,51
1753,3977,54
1754,3978,184
1755,3979,184
1756,3980,184
1757,3981,184
1758,3982,184
1760,3984,184
1761,3985,184
1762,3986,184
1763,3987,184
1764,3988,184
1765,3989,184
1766,3990,184
1767,3991,184
1768,3992,184
1769,3993,184
1770,3994,184
1771,3995,184
1772,3996,184
1773,3997,184
1774,3998,184
1775,3999,184
1776,4000,184
1777,4001,184
1778,4002,82
1779,4003,14
1780,4004,15
1781,4005,22
1783,4007,22
1784,4008,23
1785,4009,42
1786,4010,57
1787,4011,181
1788,4012,92
1789,4013,15
1790,4014,21
1791,4015,12
1792,4016,10
1793,4017,42
1794,4018,89
1795,4019,22
1796,4020,26
1797,4021,5
1798,4022,5
1799,4023,185
1800,4024,185
1801,4025,185
1802,4026,185
1803,4027,185
1804,4028,112
1805,4029,42
1806,4030,10
1807,4031,10
1808,4032,7
1809,4033,207
1810,4034,48
1811,4035,86
1812,4036,22
1813,4037,70
1814,4038,25
1815,4039,10
1816,4040,26
1817,4041,10
1818,4042,10
1819,4043,78
1820,4044,10
1821,4045,42
1822,4046,80
1823,4047,103
1825,4049,14
1826,4050,24
1827,4051,34
1828,4052,42
1829,4053,78
1830,4054,90
1831,4055,257
1832,4056,22
1833,4057,22
1834,4058,48
1835,4059,108
1836,4060,42
1837,4061,89
1838,4062,10
1839,4063,57
1840,4064,10
1841,4065,10
1842,4066,103
1843,4067,9
1844,4068,26
1845,4069,61
1846,4070,34
1847,4071,34
1848,4072,22
1849,4073,137
1850,4074,89
1851,4075,112
1852,4076,110
1853,4077,187
1854,4078,187
1855,4079,187
1856,4080,187
1857,4081,26
1858,4082,23
1859,4083,23
1860,4084,10
1861,4085,5
1862,4086,89
1863,4087,89
1864,4088,78
1865,4089,10
1866,4090,7
1867,4091,85
1868,4092,85
1869,4093,85
1870,4094,21
1871,4095,72
1872,4096,9
1873,4097,61
1874,4098,116
1875,4099,42
1876,4100,37
1877,4101,15
1878,4102,101
1879,4103,83
1881,4105,26
1882,4106,51
1883,4107,47
1884,4108,9
1885,4109,80
1886,4110,161
1887,4111,5
1888,4112,113
1889,4113,78
1890,4114,113
1891,4115,26
1892,4116,14
1893,4117,15
1894,4118,15
1895,4119,31
1896,4120,27
1897,4121,20
1898,4122,20
1899,4123,20
1900,4124,20
1901,4125,20
1902,4126,20
1903,4127,20
1904,4128,20
1905,4129,20
1906,4130,20
1907,4131,20
1908,4132,20
1909,4133,20
1910,4134,20
1911,4135,20
1912,4136,20
1913,4137,20
1914,4138,20
1915,4139,20
1916,4140,20
1917,4141,20
1918,4142,20
1919,4143,20
1920,4144,20
1921,4145,20
1922,4146,20
1923,4147,20
1924,4148,20
1925,4149,20
1926,4150,20
1927,4151,20
1928,4152,20
1929,4153,20
1930,4154,20
1931,4155,20
1932,4156,20
1933,4157,20
1934,4158,20
1935,4159,20
1936,4160,20
1937,4161,20
1938,4162,20
1939,4163,20
1940,4164,20
1941,4165,20
1942,4166,20
1943,4167,20
1944,4168,20
1945,4169,20
1946,4170,20
1947,4171,20
1948,4172,20
1949,4173,20
1950,4174,20
1951,4175,20
1952,4176,20
1953,4177,20
1954,4178,20
1955,4179,20
1956,4180,20
1957,4181,20
1958,4182,20
1959,4183,20
1960,4184,20
1961,4185,20
1962,4186,20
1963,4187,20
1964,4188,20
1965,4189,20
1966,4190,20
1967,4191,20
1968,4192,20
1969,4193,20
1970,4194,20
1971,4195,20
1972,4196,20
1973,4197,20
1974,4198,20
1975,4199,20
1976,4200,20
1977,4201,20
1978,4202,20
1979,4203,20
1980,4204,20
1981,4205,20
1982,4206,20
1983,4207,20
1984,4208,20
1985,4209,20
1986,4210,20
1987,4211,20
1988,4212,20
1989,4213,20
1990,4214,20
1991,4215,20
1992,4216,20
1993,4217,20
1994,4218,20
1995,4219,20
1996,4220,20
1997,4221,20
1998,4222,20
1999,4223,20
2000,4224,20
2001,4225,20
2002,4226,20
2003,4227,20
2004,4228,20
2005,4229,20
2006,4230,20
2007,4231,20
2008,4232,20
2009,4233,20
2010,4234,20
2011,4235,20
2012,4236,15
2013,4237,83
2014,4238,14
2015,4239,22
2016,4240,264
2017,4241,68
2018,4242,15
2019,4243,89
2020,4244,89
2021,4245,24
2022,4246,37
2023,4247,207
2024,4248,10
2025,4249,10
2026,4250,10
2027,4251,137
2028,4252,89
2029,4253,196
2030,4254,75
2031,4255,181
2032,4256,116
2033,4257,63
2034,4258,63
2035,4259,63
2036,4260,63
2037,4261,68
2038,4262,34
2039,4263,34
2040,4264,34
2041,4265,80
2042,4266,14
2043,4267,14
2044,4268,119
2045,4269,14
2046,4270,189
2047,4271,189
2048,4272,189
2049,4273,189
2050,4274,189
2051,4275,189
2052,4276,189
2053,4277,101
2054,4278,143
2055,4279,15
2056,4280,10
2057,4281,104
2058,4282,22
2059,4283,53
2060,4284,14
2061,4285,196
2062,4286,89
2063,4287,42
2064,4288,14
2065,4289,166
2066,4290,72
2067,4291,10
2068,4292,92
2069,4293,89
2070,4294,78
2071,4295,1
2072,4296,48
2073,4297,101
2074,4298,177
2075,4299,15
2076,4300,22
2077,4301,26
2078,4302,22
2079,4303,14
2080,4304,26
2081,4305,23
2082,4306,207
2083,4307,116
2084,4308,104
2085,4309,68
2086,4310,83
2087,4311,92
2088,4312,75
2089,4313,75
2090,4314,89
2091,4315,15
2092,4316,8
2093,4317,42
2094,4318,281
2095,4319,10
2096,4320,10
2097,4321,250
2098,4322,26
2099,4323,7
2100,4324,108
2101,4325,71
2102,4326,25
2103,4327,71
2104,4328,22
2105,4329,112
2107,4331,22
2108,4332,15
2109,4333,22
2110,4334,196
2111,4335,22
2112,4336,14
2113,4337,26
2114,4338,116
2115,4339,83
2116,4340,42
2117,4341,250
2118,4342,60
2119,4343,60
2120,4344,116
2121,4345,68
2122,4346,113
2123,4347,28
2124,4348,28
2125,4349,22
2126,4350,22
2127,4351,83
2128,4352,26
2129,4353,61
2130,4354,63
2131,4355,63
2132,4356,29
2133,4357,196
2134,4358,5
2135,4359,63
2136,4360,22
2137,4361,22
2138,4362,14
2139,4363,9
2140,4364,123
2141,4365,43
2142,4366,86
2143,4367,196
2144,4368,10
2145,4369,7
2146,4370,42
2147,4371,68
2148,4372,42
2149,4373,26
2150,4374,85
2151,4375,63
2152,4376,59
2153,4377,14
2154,4378,70
2155,4379,34
2156,4380,80
2157,4381,89
2158,4382,28
2159,4383,28
2160,4384,26
2161,4385,103
2162,4386,86
2163,4387,103
2164,4388,9
2165,4389,143
2166,4390,49
2167,4391,10
2168,4392,190
2169,4393,181
2170,4394,9
2171,4395,22
2172,4396,53
2173,4397,22
2174,4398,108
2175,4399,6
2176,4400,6
2177,4401,6
2178,4402,6
2179,4403,34
2180,4404,7
2181,4405,26
2182,4406,191
2183,4407,191
2184,4408,191
2185,4409,191
2186,4410,191
2187,4411,14
2188,4412,89
2189,4413,42
2190,4414,42
2191,4415,42
2192,4416,140
2193,4417,86
2194,4418,57
2195,4419,76
2196,4420,208
2197,4421,208
2198,4422,29
2199,4423,58
2200,4424,90
2201,4425,116
2202,4426,22
2203,4427,22
2204,4428,76
2205,4429,108
2206,4430,76
2207,4431,14
2208,4432,76
2209,4433,22
2210,4434,22
2211,4435,26
2212,4436,26
2213,4437,14
2214,4438,16
2215,4439,22
2216,4440,14
2217,4441,54
2218,4442,76
2219,4443,76
2220,4444,19
2221,4445,19
2222,4446,168
2223,4447,63
2224,4448,100
2225,4449,100
2226,4450,41
2227,4451,22
2228,4452,22
2229,4453,42
2230,4454,19
2232,4456,116
2233,4457,22
2234,4458,22
2235,4459,22
2236,4460,19
2237,4461,76
2238,4462,76
2239,4463,76
2240,4464,22
2241,4465,196
2243,4467,26
120,4469,14
121,4470,14
122,4471,14
123,4472,14
184,4473,22
394,4474,14
421,4476,14
446,4477,14
626,4478,14
649,4479,22
654,4480,14
673,4481,14
779,4482,14
939,4483,14
947,4484,14
960,4485,14
971,4486,14
972,4487,14
1001,4488,14
1012,4489,14
1013,4490,14
1045,4491,14
1046,4492,14
1162,4493,14
1203,4494,14
1204,4495,14
1206,4496,14
1340,4497,14
1429,4498,14
1430,4499,14
1453,4500,22
1480,4501,14
1486,4502,14
1487,4503,14
1550,4504,22
1617,4505,14
1688,4506,14
1832,4507,14
1833,4508,14
1848,4509,14
2015,4510,14
2058,4511,14
2104,4512,14
2107,4514,14
2125,4515,14
2126,4516,14
2137,4517,14
2171,4518,14
2173,4519,14
2215,4520,14
2227,4521,14
2242,4522,14
440,4525,103
1007,4526,22
1164,4527,70
1530,4528,103
1531,4529,103
1575,4531,9
3,4532,2
2264,4534,207
2265,4535,68
2266,4536,199
2267,4537,199
2268,4538,199
2269,4539,15
2270,4540,7
2271,4541,7
2359,4542,103
2360,4545,42
2361,4546,34
2362,4547,24
2363,4548,34
2363,4549,104
2364,4550,34
2365,4551,10
2366,4552,201
2367,4553,75
2368,4554,49
2369,4555,15
2369,4556,10
2370,4557,7
2371,4558,14
2372,4559,15
2373,4560,10
2374,4561,49
2375,4562,70
2376,4563,61
2377,4564,49
2378,4565,203
2379,4566,68
2380,4567,75
2381,4568,59
2382,4569,70
2383,4570,19
2384,4571,89
2385,4572,93
2386,4573,68
2387,4574,61
2388,4575,23
2389,4576,203
2390,4577,34
2391,4578,15
2392,4579,68
2392,4580,78
2393,4581,59
2394,4582,134
2394,4583,89
2395,4584,51
2396,4585,80
2397,4586,199
2398,4587,68
2399,4588,207
2400,4589,255
2401,4590,281
2402,4591,68
2402,4592,251
2404,4594,42
2405,4595,26
2406,4596,68
2407,4597,201
2408,4598,213
2409,4599,255
2410,4600,90
2411,4601,9
2412,4602,10
2413,4603,42
2414,4604,25
2414,4605,42
2415,4606,68
2416,4607,134
2416,4608,89
2417,4609,3
2418,4610,142
2419,4611,23
2419,4612,143
2420,4613,68
2421,4614,23
2421,4615,143
2422,4616,41
2423,4617,71
2423,4618,216
2424,4619,213
2426,4620,31
2425,4621,134
2427,4625,29
2429,4626,26
2428,4627,29
2430,4629,218
2431,4630,207
2432,4631,92
2433,4632,159
2434,4633,15
2435,4634,86
2436,4635,9
2437,4636,77
2438,4637,26
2439,4638,10
2440,4639,75
2441,4640,42
2442,4641,226
2443,4642,53
2444,4643,7
2445,4646,15
2446,4650,252
2447,4651,226
2448,4653,63
2450,4655,81
2451,4656,92
2451,4657,116
2453,4658,75
2453,4659,14
2454,4660,14
2452,4661,34
2452,4662,230
2455,4663,42
2456,4664,34
2457,4665,24
2459,4667,15
2458,4668,31
2462,4671,41
2461,4672,80
2461,4673,15
2463,4674,41
2465,4675,2
2466,4676,142
2464,4678,92
2464,4679,42
2467,4681,22
2468,4682,216
2469,4683,90
2470,4684,207
2471,4685,92
2471,4686,68
2471,4687,77
2472,4688,68
2473,4689,238
2473,4690,237
2473,4691,
2474,4692,34
2474,4693,80
2475,4694,92
2476,4696,92
2476,4697,86
2477,4698,92
2478,4699,78
2479,4700,7
2479,4701,80
2480,4702,15
2481,4703,281
2482,4704,10
2482,4705,63
2483,4706,7
2483,4707,90
2484,4708,104
2485,4710,158
2487,4712,72
2488,4713,255
2489,4714,10
2489,4715,63
2492,4716,25
2492,4717,42
2493,4719,59
2493,4720,238
2494,4721,134
2494,4722,104
2495,4723,10
2495,4724,63
2495,4725,68
2496,4726,207
2497,4728,142
2498,4729,10
2499,4730,89
2499,4731,41
2500,4732,10
2501,4734,10
2501,4735,15
2502,4736,42
2502,4737,31
2503,4738,10
2504,4739,92
2504,4740,34
2505,4742,49
2506,4743,70
2507,4745,90
2508,4746,51
2511,4747,249
2512,4748,249
2513,4749,10
2513,4750,63
2513,4751,15
2514,4752,252
2515,4753,25
2515,4754,42
1821,4755,53
1731,4756,53
40,4757,14
41,4758,14
613,4759,90
1255,4760,75
676,4761,38
441,4762,116
2517,4763,121
1513,4765,22
503,4766,140
1448,4767,115
213,4768,75
1140,4769,14
320,4770,75
750,4771,75
901,4772,140
172,4773,10
915,4774,10
1886,4775,23
796,4776,90
1573,4777,90
1127,4778,42
1778,4779,140
1531,4780,7
1530,4781,7
1606,4782,42
2518,4783,42
2519,4785,41
2519,4786,89
1234,4787,21
1525,4788,42
2130,4789,143
78,4790,22
1518,4791,22
188,4792,140
1014,4793,61
684,4794,34
1536,4795,116
415,4796,75
1707,4797,14
770,4798,76
1585,4799,166
1615,4800,21
2520,4801,42
2521,4802,10
2522,4803,10
1007,4804,89
1200,4805,116
193,4806,14
826,4807,116
382,4808,26
851,4809,26
902,4810,10
2186,4811,196
661,4812,26
1547,4813,26
1584,4814,26
2122,4815,26
349,4816,26
381,4817,5
789,4818,89
1548,4820,26
1659,4821,26
1888,4822,26
1890,4823,26
2065,4824,26
2133,4825,26
2411,4826,210
670,4827,7
731,4828,14
1681,4829,251
1590,4830,14
2270,4831,103
2271,4832,103
622,4833,103
2370,4834,103
1060,4835,47
152,4836,207
918,4837,254
920,4838,254
2460,4839,10
1867,4840,53
1868,4841,53
1869,4842,53
2150,4843,53
2477,4844,5
2518,4845,253
1454,4846,141
2523,4847,140
1260,4848,5
2449,4849,53
2407,4850,26
2469,4851,104
2432,4852,10
2460,4853,90
2135,4854,255
2471,4855,63
2475,4856,68
1788,4857,5
2504,4858,10
2442,4859,90
2436,4860,251
2388,4861,106
2524,4862,104
2525,4863,61
2526,4864,134
2527,4865,71
2528,4867,25
2529,4868,61
2530,4869,104
2531,4870,250
2532,4871,61
2533,4872,49
2534,4873,76
2535,4874,76
2536,4875,104
2537,4876,104
2538,4877,49
2540,4878,257
2540,4879,38
2542,4880,134
2544,4881,76
2546,4882,61
2549,4883,34
2551,4884,72
2551,4885,14
2552,4886,14
2553,4887,14
2554,4888,104
2555,4889,104
2556,4890,134
2557,4891,134
2558,4892,134
2496,4893,254
2559,4894,103
2559,4895,7
2564,4898,9
2565,4899,61
2566,4900,104
2567,4901,255
2568,4902,103
2569,4903,104
2570,4904,207
2571,4905,104
2572,4906,71
2573,4907,42
2574,4908,104
2575,4909,61
2576,4910,104
2577,4911,71
2578,4912,10
2579,4913,104
2580,4914,104
2581,4915,9
2582,4916,104
2583,4917,92
2583,4918,10
2584,4919,7
2584,4920,116
2585,4921,7
2585,4922,116
2586,4923,7
2587,4924,10
2588,4925,140
1696,4927,89
2589,4928,61
2032,4929,14
929,4930,14
339,4931,14
340,4932,14
35,4933,14
788,4934,14
698,4935,14
1706,4936,14
1125,4937,14
1593,4938,14
124,4939,14
341,4940,14
1595,4941,14
1596,4942,14
2590,4943,7
2590,4944,103
2591,4945,142
2591,4946,61
2592,4947,258
2595,4948,249
2594,4949,249
2594,4950,31
2597,4951,249
2597,4952,31
2598,4953,249
2599,4954,92
2599,4955,5
1326,4957,24
1209,4958,197
126,4959,24
1665,4960,24
1638,4961,197
1603,4962,53
1186,4963,29
1831,4964,255
793,4965,38
1568,4966,5
1544,4967,90
2601,4968,259
2601,4969,9
2602,4970,26
952,4971,14
1193,4972,14
82,4973,138
1639,4974,128
799,4975,14
801,4977,14
743,4978,90
1146,4979,42
228,4980,116
822,4981,90
821,4982,90
34,4983,90
1170,4984,181
640,4985,90
639,4986,90
1468,4987,90
342,4988,14
1473,4989,14
334,4990,116
1171,4991,116
784,4992,90
1735,4993,90
871,4994,15
1285,4995,42
864,4996,89
865,4997,218
1352,4998,15
1310,4999,12
2064,5000,12
1674,5001,12
1749,5002,12
2138,5003,12
861,5004,12
860,5005,12
1779,5006,113
1116,5007,12
726,5008,12
660,5009,7
2603,5010,15
2603,5011,42
2604,5012,10
2605,5013,10
2605,5014,134
745,5015,89
2608,5016,179
426,5017,42
793,5018,42
189,5019,21
189,5020,14
212,5021,104
2612,5022,81
2613,5023,271
2613,5024,272
2613,5025,196
2614,5026,271
2614,5027,272
2614,5028,196
2615,5029,31
2616,5030,273
2616,5031,42
2617,5032,196
2618,5033,9
2619,5034,116
2620,5035,116
2621,5036,116
2622,5037,116
2623,5038,116
2624,5039,116
2625,5041,134
2626,5042,134
2626,5043,104
2628,5044,284
2629,5045,7
2629,5046,103
2630,5047,108
2631,5048,5
2632,5049,104
2633,5052,275
2634,5054,275
2635,5055,10
2636,5057,275
2637,5059,275
2638,5060,104
2638,5061,238
2639,5063,275
2640,5065,275
2641,5067,275
2642,5069,275
2644,5071,275
2645,5072,104
2646,5073,277
2647,5074,86
2647,5075,104
2648,5076,278
2649,5077,284
2650,5078,271
2650,5079,272
2651,5080,10
2651,5081,61
2652,5082,10
2652,5083,280
2654,5084,90
2657,5087,255
2657,5088,216
2657,5089,71
2658,5090,59
2659,5091,15
2659,5092,59
2660,5093,284
2661,5094,15
2661,5095,59
2662,5096,170
2662,5097,15
2663,5099,46
2664,5100,257
2664,5101,255
1620,5102,7
2087,5103,115
2094,5104,282
1279,5105,250
1280,5106,250
1281,5107,250
2481,5108,10
436,5109,7
664,5110,89
412,5111,22
412,5112,14
620,5113,253
2401,5114,10
345,5115,26
2068,5116,31
1504,5117,80
2552,5120,21
2668,5121,23
2669,5122,134
2669,5123,104
2670,5125,275
2671,5126,75
2672,5127,42
2673,5128,10
2673,5129,15
2674,5130,42
2675,5131,42
2675,5132,24
2676,5133,42
2677,5134,284
2678,5135,216
180,5136,9
2679,5137,3
2672,5138,142
2656,5139,275
2459,5140,23
2680,5141,281
2680,5142,10
2681,5143,46
2682,5144,46
2683,5145,46
2684,5146,46
2685,5147,108
2685,5148,108
2686,5149,196
2687,5150,12
2688,5151,10
2689,5152,10
2689,5153,7
2690,5154,10
2690,5155,7
2693,5156,10
2695,5157,10
2696,5158,10
2696,5159,63
2697,5160,10
2697,5161,51
2698,5162,10
2699,5163,15
2699,5164,10
2700,5165,10
2700,5166,103
2700,5167,238
2701,5168,10
2702,5169,92
336,5170,14
2703,5171,103
2704,5172,103
2705,5173,103
2706,5174,103
2707,5175,103
2708,5176,103
2686,5177,28
2689,5178,103
2690,5179,103
2711,5182,59
2714,5185,59
2716,5186,15
2717,5187,78
2718,5188,152
2718,5189,10
2719,5190,15
2719,5191,152
2720,5192,15
2722,5193,9
2723,5194,9
2724,5195,23
2725,5196,21
1876,5197,116
2726,5198,249
2727,5199,255
2728,5200,26
2729,5201,255
2730,5202,257
2730,5203,255
2731,5204,255
2732,5205,257
2733,5206,257
2734,5207,77
2734,5208,51
2735,5209,255
2736,5210,257
2736,5211,255
2737,5212,255
2738,5213,92
2738,5214,255
2739,5215,255
2740,5216,255
2741,5217,103
2742,5218,15
2743,5219,29
2745,5220,5
2746,5221,257
2746,5222,255
2747,5223,281
2747,5224,5
2749,5225,201
2752,5226,90
2753,5227,226
2755,5228,226
2757,5229,226
2758,5230,12
2758,5231,14
2759,5232,23
2760,5233,23
2761,5234,23
2762,5235,23
2763,5236,23
2764,5237,23
2765,5238,23
2766,5239,10
2767,5240,10
2768,5241,10
2770,5242,286
2771,5243,15
2772,5245,71
2773,5246,71
2774,5247,23
2775,5248,23
2776,5249,143
2777,5250,216
2778,5251,10
2778,5252,187
2780,5253,26
2781,5254,276
2782,5255,30
2784,5256,287
2784,5257,63
2784,5258,89
2785,5259,255
2786,5260,15
2786,5261,216
2787,5262,68
2787,5263,78
2788,5264,152
2788,5265,86
2789,5266,10
2790,5267,26
2791,5268,75
2792,5269,59
2792,5270,51
2792,5271,271
2793,5272,216
2794,5273,61
2794,5274,49
2795,5275,61
2795,5276,49
2796,5277,10
2796,5278,15
2797,5279,80
2798,5280,216
2798,5281,71
2799,5282,15
2800,5283,10
2801,5284,15
2802,5285,292
2803,5286,207
2804,5287,68
2807,5294,15
2810,5297,21
884,5298,81
2811,5299,26
2811,5300,15
2811,5301,59
2812,5302,15
2813,5329,21
2814,5330,21
2815,5331,15
2817,5332,21
2818,5333,92
2818,5334,116
2826,5335,90
2826,5336,216
2827,5337,10
2828,5338,10
2830,5339,293
2831,5340,15
2832,5341,42
2833,5342,294
2834,5343,295
2836,5345,10
2836,5346,7
2836,5347,15
2838,5348,137
2839,5349,72
2840,5350,59
2841,5351,59
2842,5352,42
2842,5353,255
2843,5354,23
2843,5355,271
2844,5356,92
2844,5357,296
2844,5358,278
2845,5359,297
2845,5360,299
2846,5361,147
2847,5362,51
2702,5363,201
2848,5364,14
2848,5365,63
2849,5366,47
2849,5367,15
2850,5368,10
2850,5369,7
2851,5370,92
2851,5371,201
2853,5372,255
2854,5373,300
2854,5374,26
2855,5375,92
2855,5376,5
2856,5377,51
2857,5378,92
2857,5379,201
2858,5380,210
2859,5381,90
2859,5382,301
2860,5383,10
2861,5384,42
2861,5385,302
2862,5386,255
2863,5387,29
2864,5388,271
2864,5389,286
2865,5390,29
2865,5391,104
2866,5392,34
2867,5393,92
2867,5394,68
2868,5395,257
2868,5396,10
2869,5397,34
2870,5398,213
2871,5399,59
2871,5400,86
2872,5401,303
2872,5402,304
2873,5403,63
2876,5404,142
2876,5405,42
2878,5406,21
2879,5407,78
2879,5408,77
2880,5409,7
2880,5410,216
2881,5411,10
2882,5412,141
2883,5413,21
2884,5414,216
2884,5415,22
2885,5416,22
2886,5417,22
2887,5418,22
2888,5419,22
2888,5420,305
2884,5421,305
2885,5422,305
2886,5423,305
2887,5424,305
2889,5425,257
2889,5426,10
2889,5427,306
2890,5428,41
2890,5429,15
2890,5430,42
2891,5431,10
2891,5432,41
2891,5433,42
2892,5434,10
2892,5435,15
2893,5436,15
2893,5437,10
2893,5438,75
2894,5439,286
2894,5440,81
2895,5441,51
2895,5442,22
2896,5443,23
2896,5444,307
2897,5445,10
2897,5446,63
2897,5447,89
2898,5448,63
2898,5449,196
2898,5450,216
2899,5451,257
2899,5452,63
2900,5453,307
2900,5454,23
2901,5455,271
2901,5456,286
2902,5457,33
2903,5458,10
2903,5459,63
2903,5460,23
2904,5461,196
2904,5462,271
2905,5463,3
2905,5464,134
2906,5465,210
2907,5466,15
2908,5467,23
2909,5468,23
2910,5469,23
2911,5470,34
2911,5471,15
2912,5472,51
2913,5473,22
2913,5474,303
2914,5475,216
2915,5476,216
2916,5477,63
2916,5478,10
2917,5479,305
2917,5480,
2918,5481,14
2919,5482,201
2920,5483,14
2920,5484,308
2922,5485,309
2922,5486,
2923,5487,10
2923,5488,63
2924,5489,59
2924,5490,81
2924,5491,
2925,5492,116
2925,5493,22
2926,5494,305
2927,5495,90
2927,5496,310
2928,5497,90
2928,5498,305
2929,5499,311
2930,5500,148
2932,5501,68
2932,5502,89
2933,5503,41
2935,5504,216
2935,5505,68
2936,5506,238
2936,5507,68
2937,5508,116
2937,5509,89
2938,5510,89
2939,5511,68
2939,5512,71
2940,5513,68
2941,5514,210
2942,5515,68
2942,5516,89
2929,5517,22
2943,5518,312
2944,5519,312
2945,5520,76
2945,5521,116
2946,5522,90
2947,5523,15
2948,5524,207
2949,5525,78
2949,5526,77
2950,5527,68
2951,5528,106
2952,5529,30
2952,5530,104
2953,5531,313
2954,5532,297
2954,5533,314
2955,5534,103
2956,5535,42
2957,5536,116
2958,5537,104
2959,5538,42
2960,5539,42
2961,5540,216
2965,5541,315
2965,5542,23
2966,5543,297
2966,5544,314
2967,5545,23
2967,5546,150
2967,5547,106
2969,5548,80
2969,5549,152
2969,5550,5
2970,5551,15
2971,5552,271
2972,5553,72
2973,5554,142
2973,5555,10
2974,5556,14
2974,5557,316
2975,5558,14
2975,5559,316
2976,5560,10
2977,5561,10
2977,5562,253
2978,5563,305
2978,5564,10
2979,5565,271
2979,5566,15
2980,5567,10
2981,5568,210
2981,5569,10
2982,5570,10
2982,5571,103
2983,5572,10
2984,5573,10
2984,5574,15
2985,5575,10
2986,5576,10
2987,5577,10
2987,5578,103
2987,5579,15
2988,5580,10
2989,5581,103
2993,5582,10
2994,5583,15
2994,5584,317
2655,5585,21
2655,5586,137
2875,5587,21
2875,5588,137
967,5589,7
2934,5590,76
2756,5591,226
2396,5592,26
2995,5593,318
2996,5594,319
2996,5595,141
1165,5596,103
2997,5597,78
2997,5598,77
2998,5599,21
2999,5600,320
3000,5601,81
3000,5602,321
3001,5603,322
3002,5604,80
3002,5605,15
3003,5606,23
3004,5607,323
3005,5608,59
3006,5609,7
3006,5610,282
3007,5611,226
3007,5612,30
3008,5613,216
3008,5614,41
3011,5615,250
3012,5616,116
3012,5617,216
3013,5618,324
3014,5619,325
3015,5620,116
3015,5621,1
3016,5622,326
3017,5623,23
3018,5624,23
3019,5625,23
3020,5626,15
3021,5627,226
3022,5628,327
3023,5629,140
3024,5630,10
3025,5631,10
3026,5633,328
3026,5634,226
3027,5635,25
3027,5636,329
3027,5637,330
3028,5638,15
3028,5639,59
3029,5640,331
3029,5641,68
3029,5642,329
3030,5644,10
3030,5645,15
3031,5646,332
3031,5647,23
3032,5648,307
3032,5649,51
3033,5650,80
3034,5651,80
3035,5652,333
3036,5653,15
3037,5654,152
3039,5655,76
3039,5656,116
3038,5657,15
3040,5658,15
3040,5659,10
3041,5660,15
3041,5661,10
3042,5662,152
3042,5663,10
3043,5664,152
3043,5665,81
3043,5666,10
3044,5667,207
3044,5668,254
3044,5669,10
3045,5670,106
3046,5671,251
3047,5672,61
3048,5673,61
3049,5674,80
3050,5675,80
3051,5676,15
3052,5677,15
3053,5678,86
3053,5679,152
3054,5680,51
3055,5681,51
3056,5682,334
3057,5683,15
3058,5684,318
3059,5685,47
3059,5686,10
3062,5687,68
3063,5688,106
3064,5689,335
3065,5690,335
3066,5691,15
3067,5692,276
3067,5693,
3068,5694,336
3068,5695,30
3069,5696,30
3070,5697,210
3071,5698,337
3072,5699,14
3072,5700,316
3073,5701,316
3073,5702,14
2783,5703,30
328,5704,238
3074,5705,7
3075,5706,7
3075,5707,103
3076,5708,7
3076,5709,103
3077,5710,286
3078,5711,286
3082,5712,286
3083,5713,26
3084,5714,26
3085,5715,26
3086,5716,26
3087,5717,26
3088,5718,26
3088,5719,286
3089,5720,26
3090,5721,26
3091,5722,338
3091,5723,42
3092,5724,40
3092,5725,68
3093,5726,68
3093,5727,89
3094,5728,92
3094,5729,286
,5730,147
,5731,147
3082,5732,286
3095,5733,116
3096,5734,103
3096,5735,10
3097,5736,339
3098,5737,78
3098,5738,77
3099,5739,42
3099,5740,25
3100,5741,42
3100,5742,25
3101,5743,
3101,5744,41
3102,5745,141
3102,5746,14
3105,5747,42
3105,5748,25
3106,5749,320
3107,5750,42
3107,5751,25
3108,5752,216
3108,5753,340
3110,5754,318
3111,5755,319
3111,5756,90
3112,5757,26
3112,5758,286
3114,5759,13
3115,5760,112
3116,5761,5
3117,5762,226
3118,5763,272
3119,5764,75
3122,5765,340
3125,5766,68
3126,5767,216
3127,5768,68
3128,5769,286
3130,5770,71
,5771,
3132,5772,23
3133,5773,63
3133,5774,68
3134,5775,63
3135,5776,23
3136,5777,286
3138,5778,29
,5779,
3140,5780,332
3140,5781,216
3141,5782,286
3142,5783,21
3143,5784,226
3143,5785,21
3144,5786,21
3143,5787,226
3143,5788,317
3142,5789,21
3146,5790,170
3146,5791,
3147,5792,170
3148,5793,196
3148,5794,216
3149,5795,341
3150,5796,294
3151,5797,342
3152,5798,68
3152,5799,3
3153,5800,106
3153,5801,23
3154,5802,106
3155,5803,343
3156,5804,286
3159,5805,226
3160,5806,10
3161,5807,80
3162,5808,23
3163,5809,23
3164,5810,300
3164,5811,344
3165,5812,41
3167,5813,340
3167,5814,216
3165,5815,41
3168,5816,345
3169,5817,7
3169,5818,103
3170,5819,7
3170,5820,342
3171,5821,42
3172,5822,345
3173,5823,346
3174,5824,42
3174,5825,40
2807,5826,15
3175,5827,286
3002,5828,15
3028,5829,15
3176,5830,347
3177,5831,159
3178,5832,347
3178,5833,
3179,5834,348
3180,5835,68
3180,5836,342
3181,5837,159
3182,5838,10
3183,5839,294
3184,5840,257
3184,5841,81
3185,5842,68
3186,5843,10
3186,5844,349
3187,5845,7
3188,5846,7
3189,5847,350
3190,5848,152
3191,5849,342
3192,5850,350
3192,5851,15
3193,5852,351
3194,5853,80
3195,5854,342
3196,5855,80
3197,5856,81
3197,5857,321
3198,5858,104
3199,5859,210
3200,5860,108
3201,5861,143
3202,5862,342
3203,5863,10
3204,5864,80
3205,5865,15
3206,5866,80
3206,5867,49
3207,5868,352
3208,5869,305
3209,5870,15
3210,5871,286
3211,5872,286
3212,5873,196
3212,5874,353
3213,5875,196
3213,5876,354
3214,5877,196
3214,5878,271
3214,5879,354
3215,5880,196
3215,5881,355
3216,5882,353
3217,5883,68
3218,5884,61
3219,5885,321
3220,5886,342
3221,5887,317
3221,5888,353
3222,5889,356
3223,5890,80
3223,5891,353
3224,5892,286
3224,5893,86
3225,5894,61
3226,5895,89
3226,5896,29
3227,5897,297
3228,5898,356
3229,5899,196
3229,5900,353
3230,5901,357
3231,5902,14
3231,5903,317
3232,5904,15
3233,5905,358
3234,5906,68
3235,5907,10
3236,5908,61
3237,5909,10
3238,5910,359
3239,5911,15
3239,5912,81
3240,5913,92
3240,5914,77
3240,5915,353
3241,5916,23
3245,5917,271
3246,5918,354
3247,5919,143
3248,5920,257
3248,5921,81
3249,5922,360
3249,5923,361
3250,5924,10
3250,5925,339
3251,5926,42
3251,5927,142
3252,5928,134
3252,5929,362
3255,5930,63
3256,5931,10
3256,5932,63
3257,5933,10
3257,5934,343
3257,5935,103
3257,5936,80
3258,5937,10
3258,5938,363
3259,5939,10
3259,5940,363
3260,5941,10
3260,5942,7
3260,5943,364
3261,5944,365
3262,5945,365
3264,5946,318
3265,5947,10
3266,5948,366
3267,5949,313
3267,5950,70
3268,5951,7
3268,5952,5
3269,5953,367
3270,5954,23
3271,5955,23
3272,5956,23
3273,5957,368
3273,5958,196
3274,5959,116
3275,5960,116
2453,5961,75
2453,5962,5
1170,5963,21
1170,5964,282
3277,5965,141
3277,5966,14
3279,5967,10
3279,5968,253
3279,5969,68
3280,5970,10
3284,5972,369
3284,5973,370
3285,5974,365
3287,5975,210
3287,5976,226
3288,5977,343
3288,5978,90
3289,5979,343
3289,5980,90
3290,5981,23
3291,5982,363
3291,5983,80
3292,5984,329
3293,5985,329
3294,5986,329
3294,5987,
3296,5988,329
3297,5989,329
3298,5990,329
3299,5991,371
3300,5992,286
3300,5993,353
3301,5994,372
3302,5995,68
3303,5996,343
3304,5997,140
3305,5998,373
3305,5999,327
3306,6000,373
3306,6001,327
3307,6002,374
3308,6003,342
3310,6004,147
3311,6005,147
3312,6006,329
3313,6007,42
3314,6008,366
3315,6009,329
3315,6010,14
3317,6011,10
3317,6012,321
3318,6013,363
3318,6014,21
3319,6015,80
3319,6016,80
3320,6017,10
3320,6018,81
3320,6019,
3321,6020,10
3321,6021,15
3321,6022,7
3321,6023,353
3322,6024,10
3322,6025,7
3322,6026,15
3322,6027,353
3323,6028,375
3324,6029,318
3325,6030,342
3325,6031,14
3327,6032,15
3327,6033,375
3327,6034,316
3327,6035,10
3328,6036,10
3329,6037,10
3329,6038,89
3329,6039,80
3329,6040,21
3329,6041,343
3329,6042,376
3330,6043,7
3330,6044,103
3331,6045,77
3331,6046,78
3332,6047,80
3332,6048,353
3333,6049,363
3333,6050,377
3334,6051,26
3334,6052,329
3335,6053,226
3336,6054,226
3337,6055,271
3337,6056,196
3339,6057,342
3339,6058,80
3340,6059,317
3340,6060,342
3341,6061,92
3341,6062,21
3341,6063,374
3341,6064,317
3341,6065,22
3342,6066,5
3342,6067,353
3343,6068,28
3344,6069,15
3345,6070,316
3345,6071,365
3346,6072,80
3347,6073,306
3348,6074,365
3348,6075,226
3349,6076,365
3350,6077,90
3350,6078,116
3350,6079,366
3351,6080,342
3352,6081,92
3352,6082,378
3353,6083,379
3354,6084,380
3354,6085,150
3355,6086,23
3355,6087,307
3355,6088,
3356,6089,307
3356,6090,23
3357,6091,15
3357,6092,363
3359,6093,15
3359,6094,363
3360,6095,15
3360,6096,381
3360,6097,382
3361,6098,80
3361,6099,60
3361,6100,10
3362,6101,342
3363,6102,10
3364,6103,276
3364,6104,330
3365,6105,317
3365,6106,353
3366,6107,317
3366,6108,353
3367,6109,15
3367,6110,353
3368,6111,78
3369,6112,383
3369,6113,226
3370,6114,361
3370,6115,216
3370,6116,384
3371,6117,320
3372,6118,28
3372,6119,385
3373,6120,385
3374,6121,385
3376,6122,385
3377,6123,385
3378,6124,385
3380,6125,141
3381,6126,21
3382,6127,317
3382,6128,353
3383,6129,116
3383,6130,14
3384,6131,226
3384,6132,
3385,6133,14
3386,6134,14
3387,6135,337
3387,6136,226
3388,6137,141
3388,6138,226
3389,6139,383
3390,6140,373
3390,6141,148
3391,6142,297
3392,6143,286
3392,6144,342
3393,6145,342
3393,6146,386
3394,6147,
3394,6148,342
3394,6149,286
3394,6151,286
3394,6152,342
3395,6153,255
3396,6154,201
3397,6155,363
3397,6156,92
3398,6157,388
3399,6158,38
3399,6159,10
3400,6160,226
3400,6161,319
3401,6162,389
3401,6163,390
3402,6164,77
3402,6165,353
3402,6166,361
3402,6167,92
3403,6168,92
3403,6169,216
3403,6170,391
3404,6171,257
3406,6172,10
3406,6173,92
3406,6174,384
3407,6175,63
3405,6176,92
3405,6177,10
3408,6178,90
3408,6179,301
3409,6180,159
3410,6181,345
3411,6182,392
3411,6183,313
3412,6184,345
3412,6185,321
3413,6186,142
3413,6187,393
3414,6188,345
3414,6189,321
3415,6190,216
3416,6191,142
3416,6192,357
3417,6193,30
3417,6194,394
3418,6195,348
3418,6196,345
3419,6197,213
3419,6198,10
3420,6199,19
3421,6200,7
3422,6201,81
3422,6202,257
3423,6203,26
3423,6204,329
3424,6205,226
3426,6206,80
3427,6207,90
3427,6208,116
3428,6209,116
3429,6210,21
3430,6211,10
3430,6212,395
3430,6213,92
3431,6214,272
3431,6215,396
3432,6216,15
3433,6217,383
3434,6218,255
3435,6219,216
3435,6220,89
3436,6221,68
3437,6222,226
3438,6223,397
3438,6224,383
3439,6225,49
3439,6226,398
3440,6227,399
3441,6228,400
3442,6229,399
3443,6230,319
3445,6231,226
3446,6232,226
3447,6233,226
3448,6234,226
3449,6235,372
3449,6236,401
3450,6237,372
3450,6238,401
3451,6239,47
3452,6240,23
3452,6241,307
3452,6242,332
3453,6243,390
3454,6244,14
3454,6245,402
3454,6246,
3455,6247,22
3455,6248,352
3455,6249,403
3455,6250,404
3456,6251,15
3457,6252,21
3458,6253,78
3459,6254,80
3460,6255,63
3461,6256,10
3462,6257,146
3463,6258,75
3463,6259,92
3464,6260,15
3465,6261,147
3466,6262,147
3467,6263,15
3468,6264,405
3468,6265,92
3469,6266,406
3470,6267,21
3471,6268,407
3471,6269,407
3472,6270,366
3473,6271,23
3473,6272,307
3474,6273,23
3474,6274,307
3475,6275,23
3476,6276,116
3477,6277,286
3478,6278,116
3478,6279,208
3478,6280,408
3479,6281,409
3480,6282,410
3481,6283,411
3481,6284,412
3482,6285,411
3482,6286,412
3483,6287,21
3484,6288,317
3485,6289,30
3485,6290,26
3486,6291,147
3486,6292,286
3487,6293,413
3488,6294,7
3488,6295,342
3489,6296,414
3490,6297,89
3491,6298,143
3492,6299,415
3493,6300,408
3494,6301,207
3495,6302,77
3495,6303,361
3496,6304,342
3497,6305,201
3497,6306,403
3498,6307,416
3498,6308,49
3499,6309,34
3499,6310,92
3500,6311,363
3500,6312,92
3501,6313,21
3502,6314,313
3502,6315,412
3503,6316,313
3503,6317,412
3504,6318,297
3504,6319,344
3504,6320,332
3506,6321,23
3507,6322,327
3507,6323,367
3508,6324,77
3508,6325,78
3509,6326,201
3510,6327,14
3512,6328,10
3513,6329,196
3513,6330,385
3514,6331,357
3515,6332,321
3515,6333,
3516,6334,317
3516,6335,321
3517,6336,317
3517,6337,321
3518,6338,417
3519,6339,21
3519,6340,60
3519,6341,353
3519,6342,317
3520,6343,321
3520,6344,339
3520,6345,353
3520,6346,21
3521,6347,80
3521,6348,418
3522,6349,42
3522,6350,257
3523,6351,15
3524,6352,14
3525,6353,21
3525,6354,92
3526,6355,90
3526,6356,19
3527,6357,398
3527,6358,419
3528,6359,398
3528,6360,419
3529,6361,420
3530,6362,420
3531,6363,420
3531,6364,321
3532,6365,420
3532,6366,321
3533,6367,146
3534,6368,329
3534,6369,421
3535,6370,108
3535,6371,377
3536,6372,343
3537,6373,343
3537,6374,377
3536,6375,377
3538,6376,422
3538,6377,423
3539,6378,3
3539,6379,68
3539,6380,424
3539,6381,92
3541,6382,425
3541,6383,426
3541,6384,427
3541,6385,428
3541,6386,429
3541,6387,377
3543,6388,23
3543,6389,344
3545,6390,23
3546,6391,344
3546,6392,23
3547,6393,430
3547,6394,63
3548,6395,430
3549,6396,430
3550,6397,23
3551,6398,23
3552,6399,23
3553,6400,431
3554,6401,431
3554,6402,406
3554,6403,377
3555,6404,317
3555,6405,397
3555,6406,
3556,6407,422
3556,6408,363
3556,6409,92
3557,6410,49
3558,6411,15
3559,6412,379
3559,6413,92
3560,6414,108
3560,6415,316
3561,6416,296
3561,6417,92
3562,6418,92
3562,6419,81
3562,6420,42
3563,6421,329
3563,6422,327
3563,6423,3
3564,6424,329
3564,6425,310
3565,6426,329
3566,6427,23
3566,6428,344
3568,6429,23
3568,6430,344
3569,6431,23
3569,6432,307
3570,6433,431
3572,6434,80
3572,6435,432
3572,6436,92
3573,6437,10
3573,6438,433
3573,6439,92
3574,6440,103
3574,6441,319
3574,6442,434
3574,6443,92
3575,6444,10
3575,6445,435
3575,6446,92
3576,6447,10
3576,6448,436
3576,6449,92
3577,6450,363
3577,6451,369
3577,6452,435
3577,6453,92
3578,6454,10
3578,6455,92
3579,6456,10
3579,6457,437
3579,6458,80
3579,6459,92
3580,6460,438
3580,6461,439
3580,6462,92
3581,6463,363
3581,6464,10
3581,6465,92
3582,6466,363
3582,6467,10
3583,6468,10
3583,6469,433
3583,6470,321
3583,6471,92
3584,6472,63
3585,6473,440
3586,6474,80
3586,6475,432
3586,6476,92
3587,6477,441
3587,6478,257
3588,6479,442
3588,6480,103
3588,6481,257
3589,6482,317
3590,6483,317
3590,6484,80
3590,6485,353
3591,6486,317
3591,6487,361
3591,6488,353
3592,6489,443
3592,6490,63
3593,6491,77
3593,6492,78
3594,6493,78
3595,6494,25
3596,6495,10
3596,6496,80
3596,6497,319
3596,6498,92
3597,6499,444
3598,6500,28
3599,6501,321
3599,6502,61
3599,6503,381
3600,6504,10
3601,6505,444
3602,6506,255
3603,6507,22
3604,6508,445
3605,6509,445
3606,6510,445
3607,6511,23
3608,6512,23
3609,6513,23
3610,6514,10
3611,6515,14
3611,6516,446
3612,6517,7
3612,6518,103
3613,6519,21
3613,6520,445
3614,6521,447
3615,6522,10
3615,6523,448
3616,6524,63
3617,6525,420
3618,6526,148
3618,6527,357
3619,6528,34
3619,6529,92
3620,6530,449
3621,6531,23
3622,6532,332
3623,6533,23
3624,6534,384
3624,6535,450
3624,6536,451
3625,6537,14
3625,6538,452
3626,6539,15
3627,6540,377
3629,6541,420
3630,6542,422
3630,6543,92
3631,6544,317
3631,6545,453
3631,6546,454
3632,6547,448
3632,6548,431
3633,6549,431
3634,6550,431
3634,6551,
3635,6552,378
3636,6553,104
3637,6554,455
3637,6555,364
3638,6556,140
3638,6557,454
3639,6558,456
3639,6559,
3640,6560,379
3642,6561,15
3643,6562,321
3644,6563,441
3646,6564,327
3648,6565,379
3649,6566,286
3649,6567,
3650,6568,276
,6569,
3651,6570,21
3651,6571,445
3652,6572,7
3652,6573,103
3653,6574,321
3653,6575,437
3654,6576,10
3654,6577,14
3655,6578,92
3655,6579,15
3655,6580,321
3655,6581,
3657,6582,15
3658,6583,386
3658,6584,28
3659,6585,321
3659,6586,321
3659,6587,453
3660,6588,10
3661,6589,10
3661,6590,80
3662,6591,10
3664,6592,445
3664,6593,21
3665,6594,7
3665,6595,342
3666,6596,437
3667,6597,437
3668,6598,341
3668,6599,321
3669,6600,10
3670,6601,80
3670,6602,408
3671,6603,408
3672,6604,422
3673,6605,422
3674,6606,379
3674,6607,10
3675,6608,388
3675,6609,437
3677,6610,92
3677,6611,10
3678,6612,92
3678,6613,10
3679,6614,92
3679,6615,10
3680,6616,92
3680,6617,10
3681,6618,92
3681,6619,363
3681,6620,10
3682,6621,92
3682,6622,363
3682,6623,10
3683,6624,92
3683,6625,363
3683,6626,10
3684,6627,92
3684,6628,363
3684,6629,10
3685,6630,92
3685,6631,80
3685,6632,321
3686,6633,257
3686,6634,80
3686,6635,321
3687,6636,92
3687,6637,457
3687,6638,458
3688,6639,92
3688,6640,457
3688,6641,458
3689,6642,92
3689,6643,63
3691,6644,92
3691,6645,63
3692,6646,92
3692,6647,432
3692,6648,321
3693,6649,92
3693,6650,321
3694,6651,92
3694,6652,440
3695,6653,92
3695,6654,438
3695,6655,439
3696,6656,92
3696,6657,103
3697,6658,257
3697,6659,441
3698,6660,257
3698,6661,142
3698,6662,103
3698,6663,442
3699,6664,459
3700,6665,459
3703,6666,34
3703,6667,92
3704,6668,10
3706,6669,26
3706,6670,293
3707,6671,26
3707,6672,461
3708,6673,26
3708,6674,75
3709,6675,26
3710,6676,462
3710,6677,26
3711,6678,422
3711,6679,379
3712,6680,342
3712,6681,7
3713,6682,463
3713,6683,464
3714,6684,408
3714,6685,148
3715,6686,286
3715,6687,385
3715,6688,107
3716,6689,286
3716,6690,385
3717,6691,42
3718,6692,92
3718,6693,286
3718,6694,34
3720,6695,296
3720,6696,92
3721,6697,465
3721,6698,316
3722,6699,226
3722,6700,331
3723,6701,7
3723,6702,103
3724,6703,448
3727,6704,441
3728,6705,401
3728,6706,419
3729,6707,92
3729,6708,34
3729,6709,466
3730,6710,467
3730,6711,92
3731,6712,467
3731,6713,92
3732,6714,379
3732,6715,422
3732,6716,92
3733,6717,422
3735,6718,10
3736,6719,459
3736,6720,468
3736,6721,469
3736,6722,329
3737,6723,468
3737,6724,470
3738,6725,445
3738,6726,471
3739,6727,22
3739,6728,472
3740,6729,420
3741,6730,42
3742,6731,420
3743,6732,10
3744,6733,329
3744,6734,473
3745,6735,10
3745,6736,420
3746,6737,14
3746,6738,448
3747,6739,317
3747,6740,10
3748,6741,422
3748,6742,92
3749,6743,59
3749,6744,286
3750,6745,422
3750,6746,357
3751,6747,21
3751,6748,445
3752,6749,474
3752,6750,92
3753,6751,166
3753,6752,81
3753,6753,92
3754,6754,475
3754,6755,445
3754,6756,92
3755,6757,439
3755,6758,476
3755,6759,92
3756,6760,442
3756,6761,142
3756,6762,103
3756,6763,257
3757,6764,381
3757,6765,296
3757,6766,92
3758,6767,361
3758,6768,70
3758,6769,257
3759,6770,477
3759,6771,
3760,6772,477
3761,6773,321
3761,6774,80
3761,6775,92
3762,6776,321
3762,6777,80
3763,6778,457
3763,6779,458
3763,6780,92
3764,6781,457
3764,6782,458
3764,6783,92
3765,6784,478
3765,6785,478
3765,6786,92
3766,6787,478
3766,6788,92
3767,6789,63
3767,6790,92
3768,6791,63
3768,6792,92
3769,6793,134
3769,6794,10
3769,6795,92
3725,6796,10
3725,6797,92
3770,6798,10
3771,6799,10
3772,6800,10
3772,6801,363
3772,6802,92
3771,6803,92
3770,6804,92
3773,6805,10
3773,6806,363
3773,6807,92
3774,6808,10
3774,6809,363
3774,6810,21
3774,6811,92
3775,6812,10
3775,6813,363
3775,6814,374
3775,6815,317
3775,6816,92
3776,6817,321
3776,6818,80
3776,6819,92
3777,6820,321
3777,6821,80
3777,6822,92
2715,6823,475
2715,6824,445
2715,6825,92
3781,6826,438
3781,6827,439
3781,6828,92
3782,6829,296
3782,6830,92
3783,6831,477
3784,6832,477
3785,6833,63
3785,6834,92
3786,6835,63
3786,6836,92
3787,6837,474
3787,6838,92
3788,6839,474
3788,6840,92
3789,6841,166
3789,6842,440
3789,6843,103
3789,6844,319
3789,6845,92
3790,6846,166
3790,6847,440
3790,6848,103
3790,6849,319
3790,6850,92
3791,6851,441
3791,6852,257
3792,6853,321
3792,6854,80
3792,6855,92
3792,6856,353
3792,6857,384
3793,6858,321
3793,6859,80
3793,6860,92
3794,6861,321
3794,6862,80
3794,6863,92
3795,6864,321
3795,6865,80
3795,6866,92
3796,6867,442
3796,6868,142
3796,6869,103
3796,6870,257
3797,6871,442
3797,6872,142
3797,6873,103
3797,6874,257
3798,6875,457
3798,6876,458
3798,6877,92
3799,6878,457
3799,6879,458
3799,6880,92
3800,6881,457
3800,6882,458
3800,6883,92
3801,6884,363
3801,6885,10
3801,6886,431
3801,6887,92
3802,6888,363
3802,6889,10
3802,6890,92
3803,6891,363
3803,6892,10
3803,6893,92
3804,6894,10
3804,6895,92
3805,6896,10
3806,6897,10
3807,6898,10
3807,6899,92
3808,6900,10
3809,6901,479
3810,6902,479
3810,6903,480
3811,6904,10
3811,6905,479
3811,6906,22
3812,6907,481
3812,6908,10
3812,6909,420
3813,6910,482
3814,6911,483
3814,6912,
3815,6913,483
3815,6914,371
3816,6915,483
3816,6916,484
3817,6917,21
3817,6918,406
3818,6919,166
3818,6920,148
3818,6921,485
3819,6922,166
3819,6923,276
3819,6924,485
3820,6925,486
3820,6926,10
3820,6927,485
3821,6928,487
3821,6929,10
3822,6930,478
3822,6931,63
3822,6932,10
3823,6933,63
3823,6934,81
3823,6935,10
3824,6936,15
3824,6937,80
3824,6938,352
3824,6939,10
3825,6940,142
3825,6941,142
3825,6942,439
3825,6943,442
3825,6944,10
3826,6945,
3826,6946,
3826,6947,
3827,6948,372
3827,6949,488
3827,6950,361
3827,6951,276
3827,6952,10
3828,6953,489
3828,6954,490
3828,6955,15
3829,6956,485
3829,6957,403
3829,6958,332
3829,6959,401
3830,6960,491
3830,6961,420
3830,6962,492
3831,6963,439
3832,6964,310
3832,6965,90
3833,6966,10
3833,6967,493
3834,6968,403
3834,6969,10
3835,6970,439
3835,6971,494
3836,6972,420
3837,6973,15
3837,6974,384
3837,6975,478
3838,6976,479
3838,6977,276
3838,6978,495
3839,6979,5
3839,6980,436
3840,6981,479
3840,6982,495
3841,6983,28
3841,6984,420
3842,6985,497
3842,6986,216
3843,6987,401
3843,6988,63
3843,6989,81
3844,6990,498
3845,6991,257
3844,6992,92
3845,6993,63
3845,6994,42
3846,6995,498
3846,6996,166
3847,6997,422
3847,6998,7
3848,6999,276
3848,7000,478
3849,7001,10
3849,7002,499
3850,7003,436
3850,7004,10
3852,7005,41
3852,7006,116
3853,7007,15
3853,7008,420
3854,7009,420
3854,7010,500
3855,7011,420
3855,7012,476
3856,7013,476
3856,7014,352
3856,7015,501
3857,7016,478
3857,7017,502
3858,7018,10
3858,7019,503
3859,7020,456
3859,7021,349
3859,7022,504
3860,7023,505
3860,7024,506
3860,7025,507
3861,7026,384
3861,7027,507
3862,7028,508
3862,7029,509
3864,7030,276
3864,7031,317
3864,7032,10
3865,7033,10
3865,7034,321
3865,7035,510
3865,7036,92
3866,7037,10
3866,7038,316
3866,7039,92
3867,7040,10
3867,7041,92
3868,7042,457
3868,7043,458
3868,7044,24
3868,7045,92
3869,7046,457
3869,7047,458
3869,7048,24
3869,7049,92
3870,7050,321
3870,7051,80
3870,7052,92
3871,7053,321
3871,7054,80
3871,7055,92
3872,7056,321
3872,7057,80
3872,7058,92
3873,7059,10
3874,7060,500
3874,7061,420
3875,7062,321
3875,7063,80
3875,7064,92
3876,7065,442
3876,7066,142
3876,7067,103
3876,7068,257
3877,7069,10
3877,7070,459
3878,7071,10
3878,7072,459
3879,7073,363
3879,7074,21
3879,7075,92
3880,7076,363
3880,7077,21
3880,7078,92
3881,7079,363
3881,7080,21
3881,7081,92
3882,7082,363
3882,7083,21
3882,7084,92
3883,7085,63
3883,7086,482
3883,7087,92
3884,7088,401
3884,7089,321
3884,7090,92
3885,7091,401
3885,7092,321
3885,7093,92
3886,7094,475
3886,7095,445
3886,7096,92
3887,7097,296
3887,7098,92
3888,7099,10
3888,7100,134
3888,7101,92
3889,7102,478
3889,7103,352
3889,7104,92
3890,7105,7
3890,7106,90
3890,7107,453
3890,7108,92
3890,7109,321
3891,7110,7
3891,7111,453
3891,7112,321
3891,7113,90
3891,7114,92
3892,7115,166
3892,7116,92
3892,7117,440
3893,7118,166
3893,7119,440
3893,7120,103
3893,7121,92
3894,7122,441
3894,7123,257
,7124,80
,7125,80
3895,7126,108
3895,7127,30
3895,7128,134
3896,7129,10
,7130,477
3897,7131,15
3897,7132,10
3897,7133,34
,7134,10
3898,7135,321
3898,7136,453
3898,7137,92
3899,7138,453
3899,7139,319
3899,7140,92
3900,7141,363
3900,7142,10
3900,7143,92
3901,7144,363
3901,7145,10
3901,7146,92
3902,7147,363
3902,7148,10
3902,7149,92
3903,7150,10
3903,7151,92
3904,7152,10
3904,7153,92
3905,7154,10
3905,7155,92
3906,7156,441
3906,7157,257
3906,7158,
3907,7159,441
3907,7160,257
3908,7161,321
3908,7162,80
3908,7163,92
3909,7164,321
3909,7165,80
3909,7166,92
3910,7167,321
3910,7168,80
3910,7169,92
3911,7170,439
3911,7171,476
3911,7172,92
3912,7173,319
3912,7174,103
3912,7175,511
3912,7176,512
3913,7177,63
3913,7178,92
3914,7179,321
3914,7180,401
3914,7181,92
3915,7182,475
3915,7183,92
3916,7184,457
3916,7185,458
3916,7186,92
3917,7187,457
3917,7188,458
3917,7189,92
3918,7190,442
3918,7191,142
3918,7192,103
3918,7193,257
3919,7194,478
3919,7195,92
3920,7196,296
3920,7197,92
3921,7198,10
3921,7199,134
3921,7200,343
3921,7201,30
3921,7202,92
3922,7203,10
3922,7204,134
3922,7205,343
3922,7206,30
3922,7207,92
3923,7208,10
3923,7209,459
3924,7210,10
3924,7211,459
3925,7212,487
3925,7213,61
3925,7214,10
3926,7215,422
3926,7216,92
3927,7217,482
3927,7218,63
3927,7219,401
3928,7220,513
3929,7221,15
3929,7222,321
3930,7223,25
3930,7224,510
3930,7225,436
3930,7226,514
3931,7227,10
3931,7228,515
3932,7229,42
,7230,166
,7231,367
3933,7232,166
3933,7233,420
3934,7234,10
3934,7235,321
3934,7236,349
3935,7237,10
3935,7238,14
3935,7239,516
3936,7240,63
3937,7241,15
3938,7242,517
3938,7243,90
3939,7244,438
3939,7245,420
3939,7246,439
3940,7247,518
3940,7248,482
3941,7249,519
3941,7250,520
3942,7251,329
3942,7252,521
3942,7253,10
3943,7254,15
3943,7255,10
3944,7256,80
3944,7257,522
3944,7258,10
3945,7259,492
3945,7260,372
3946,7261,383
3947,7262,453
3947,7263,166
3948,7264,10
3948,7265,424
3949,7266,321
3949,7267,403
3950,7268,507
3950,7269,383
3950,7270,518
3950,7271,321
3950,7272,523
3951,7273,383
3951,7274,469
3952,7275,489
3952,7276,15
3952,7277,524
3951,7278,507
3952,7279,507
3953,7280,525
3953,7281,453
3953,7282,526
3953,7283,507
3954,7284,436
3954,7285,15
3954,7286,324
3954,7287,527
3955,7288,475
3955,7289,92
3956,7290,296
3956,7291,7
3956,7292,92
3957,7293,10
3957,7294,134
3957,7295,528
3957,7296,529
3958,7297,10
3958,7298,134
3958,7299,528
3958,7300,92
3959,7301,10
3959,7302,15
3959,7303,92
3960,7304,10
3960,7305,92
3961,7306,10
3961,7307,458
3961,7308,92
3962,7309,10
3962,7310,457
3961,7311,457
3962,7312,458
3962,7313,92
3963,7314,442
3963,7315,142
3963,7316,103
3963,7317,257
3964,7318,442
3964,7319,142
3964,7320,103
3964,7321,257
3965,7322,63
3965,7323,92
3966,7324,363
3966,7325,10
3966,7326,92
3967,7327,363
3967,7328,10
3967,7329,92
3968,7330,363
3968,7331,10
3968,7332,92
3969,7333,401
3969,7334,321
3969,7335,92
3970,7336,439
3970,7337,476
3970,7338,92
3971,7339,439
3971,7340,476
3971,7341,92
3972,7342,441
3972,7343,359
3972,7344,257
3973,7345,441
3973,7346,359
3973,7347,257
3974,7348,440
3974,7349,103
3974,7350,321
3974,7351,92
3975,7352,440
3975,7353,103
3975,7354,321
3976,7355,321
3976,7356,530
3976,7357,80
3976,7358,92
3977,7359,321
3977,7360,530
3977,7361,80
3977,7362,92
3978,7363,321
3978,7364,530
3978,7365,80
3978,7366,92
3979,7367,7
3979,7368,453
3979,7369,92
3980,7370,7
3980,7371,453
3980,7372,92
3981,7373,478
3981,7374,92
3983,7375,478
3983,7376,92
3984,7377,459
3984,7378,10
3985,7379,459
3985,7380,10
3986,7381,10
3987,7382,92
3987,7383,10
3988,7384,10
3989,7385,10
3990,7386,329
3990,7387,478
3992,7388,10
3992,7389,485
3993,7390,10
3993,7391,485
3994,7392,482
3995,7393,329
3995,7394,420
3996,7395,363
3996,7396,388
3996,7397,80
3997,7398,10
3997,7399,49
3997,7400,
3998,7401,34
3998,7402,401
3999,7403,532
3999,7404,445
4001,7405,527
4001,7406,324
4002,7407,527
4002,7408,436
4002,7409,15
4004,7410,529
4004,7411,518
4004,7412,321
4004,7413,316
4005,7414,533
4005,7415,216
4006,7416,10
4006,7417,327
4007,7418,159
4008,7419,530
4009,7420,59
4010,7421,535
4011,7422,441
4011,7423,257
4012,7424,445
4012,7425,92
4013,7426,10
4013,7427,134
4013,7428,528
4013,7429,92
4014,7430,92
4014,7431,321
4014,7432,530
4014,7433,80
4015,7434,321
4015,7435,536
4015,7436,80
4015,7437,92
4016,7438,166
4016,7439,440
4016,7440,92
4017,7441,321
4017,7442,536
4017,7443,80
4017,7444,92
4018,7445,10
4018,7446,459
4019,7447,10
4019,7448,459
4020,7449,90
4020,7450,453
4020,7451,92
4021,7452,90
4021,7453,453
4021,7454,92
4022,7455,445
4022,7456,525
4022,7457,475
4022,7458,92
4023,7459,478
4023,7460,352
4023,7461,92
4024,7462,478
4024,7463,352
4024,7464,92
4025,7465,441
4025,7466,257
4026,7467,10
4026,7468,92
4027,7469,10
4027,7470,92
4028,7471,10
4028,7472,92
4029,7473,457
4029,7474,433
4029,7475,92
4030,7476,457
4030,7477,433
4030,7478,92
4031,7479,442
4031,7480,142
4031,7481,103
4031,7482,257
4032,7483,363
4032,7484,10
4032,7485,92
4033,7486,363
4033,7487,10
4034,7488,63
4034,7489,482
4034,7490,92
4035,7491,63
4035,7492,482
4035,7493,92
4036,7494,401
4036,7495,321
4036,7496,92
4037,7497,401
4037,7498,321
4037,7499,92
4038,7500,439
4038,7501,476
4038,7502,92
4039,7503,439
4039,7504,476
4039,7505,92
4040,7506,477
4040,7507,10
4041,7508,42
4043,7509,453
4043,7510,537
4044,7511,522
4046,7512,80
4046,7513,317
4046,7514,475
4047,7515,520
4048,7516,10
4048,7517,530
4048,7518,321
4050,7519,482
4050,7520,518
4051,7521,538
4052,7522,371
4053,7523,10
4054,7524,10
4055,7525,10
4056,7526,10
4057,7527,10
4057,7528,420
4057,7529,92
4058,7530,10
4058,7531,539
4058,7532,92
4059,7533,361
4059,7534,10
4059,7535,92
4060,7536,10
4060,7537,92
4061,7538,321
4061,7539,530
4061,7540,80
4061,7541,92
4062,7542,321
4062,7543,536
4062,7544,80
4062,7545,92
4063,7546,321
4063,7547,536
4063,7548,80
4063,7549,92
4064,7550,321
4064,7551,536
4064,7552,80
4064,7553,92
4065,7554,440
4065,7555,512
4065,7556,103
4065,7557,92
4066,7558,440
4066,7559,512
4066,7560,103
4066,7561,257
4067,7562,442
4067,7563,142
4067,7564,103
4067,7565,257
4068,7566,441
4068,7567,257
4069,7568,445
4069,7569,475
4069,7570,92
4070,7571,10
4070,7572,134
4070,7573,343
4070,7574,528
4070,7575,257
4071,7576,10
4071,7577,134
4071,7578,528
4071,7579,5
4071,7580,92
4072,7581,352
4072,7582,478
4072,7583,92
4073,7584,478
4073,7585,352
4073,7586,379
4073,7587,63
4073,7588,257
4074,7589,90
4074,7590,453
4074,7591,92
4075,7592,90
4075,7593,453
4075,7594,420
4075,7595,476
4075,7596,542
4075,7597,92
4076,7598,543
4076,7599,
4077,7600,458
4077,7601,457
4077,7602,92
4078,7603,457
4078,7604,458
4078,7605,92
4079,7606,10
4079,7607,321
4079,7608,92
4080,7609,10
4080,7610,92
4081,7611,10
4081,7612,92
4082,7613,63
4082,7614,482
4082,7615,92
4083,7616,63
4083,7617,482
4083,7618,92
4084,7619,439
4084,7620,476
4084,7621,92
4085,7622,439
4085,7623,476
4085,7624,313
4085,7625,92
4086,7626,474
4086,7627,92
4087,7628,474
4087,7629,92
4088,7630,363
4088,7631,10
4088,7632,92
4089,7633,363
4089,7634,10
4089,7635,92
4091,7636,10
3779,7637,10
3779,7638,92
4049,7639,10
4049,7640,92
4045,7641,10
4045,7642,92
4042,7643,457
4042,7644,433
4042,7645,92
4000,7646,457
4000,7647,433
4000,7648,92
3780,7649,442
3780,7650,544
3780,7651,257
4092,7652,363
4092,7653,10
4092,7654,92
4093,7655,363
4093,7656,10
4093,7657,92
4094,7658,441
4094,7659,257
4095,7660,474
4095,7661,92
4096,7662,474
4096,7663,92
4097,7664,474
4097,7665,92
4098,7666,474
4098,7667,92
4099,7668,439
4099,7669,476
4099,7670,92
4100,7671,439
4100,7672,476
4100,7673,92
4101,7674,63
4101,7675,482
4101,7676,92
4102,7677,63
4102,7678,482
4102,7679,92
4103,7680,440
4103,7681,92
4104,7682,440
4104,7683,92
4105,7684,321
4105,7685,536
4105,7686,80
4105,7687,92
4106,7688,321
4106,7689,536
4106,7690,80
4106,7691,92
4107,7692,321
4107,7693,536
4107,7694,80
4107,7695,92
4108,7696,401
4108,7697,357
4108,7698,92
4109,7699,445
4109,7700,475
4109,7701,525
4109,7702,92
4110,7703,445
4110,7704,525
4110,7705,475
4110,7706,92
4111,7707,10
4111,7708,134
4111,7709,528
4111,7710,92
4112,7711,478
4112,7712,352
4112,7713,92
4113,7714,478
4113,7715,352
4113,7716,92
4114,7717,7
4114,7718,453
4114,7719,92
4115,7720,7
4115,7721,453
4115,7722,92
4003,7723,10
4003,7724,321
4003,7725,536
4003,7726,92
4116,7727,10
4116,7728,327
4116,7729,478
4116,7730,420
4116,7731,92
4117,7732,10
4117,7733,42
4117,7734,92
4118,7735,10
4118,7736,436
4118,7737,92
4119,7738,10
4119,7739,108
4119,7740,92
4120,7741,10
4120,7742,319
4120,7743,363
4120,7744,545
4120,7745,546
4120,7746,92
4121,7747,10
4121,7748,103
4121,7749,321
4121,7750,92
4122,7751,361
4122,7752,92
4123,7753,10
4123,7754,543
4123,7755,92
4124,7756,10
4124,7757,420
4124,7758,92
4125,7759,10
4125,7760,539
4125,7761,92
4126,7762,10
4126,7763,42
4126,7764,257
4127,7765,10
4127,7766,384
4127,7767,92
4128,7768,10
4128,7769,459
4129,7770,10
4129,7771,459
4130,7772,10
4130,7773,459
4131,7774,10
4131,7775,459
4132,7776,10
4132,7777,459
4133,7778,10
4133,7779,459
4134,7780,369
4134,7781,479
4135,7782,92
4135,7783,547
4136,7784,42
4136,7785,301
4137,7786,63
4137,7787,482
4138,7788,482
4138,7789,42
4139,7790,408
4139,7791,479
4140,7792,42
4140,7793,10
4141,7794,547
4141,7795,226
4142,7796,479
4143,7797,10
4143,7798,80
4143,7799,393
4144,7800,42
4144,7801,369
4144,7802,545
4144,7803,548
4145,7804,257
4145,7805,42
4146,7806,80
4146,7807,10
4146,7808,
4147,7809,10
4147,7810,549
4148,7811,473
4148,7812,417
4149,7813,439
4149,7814,478
4150,7815,42
4151,7816,479
4152,7817,550
4152,7818,551
4152,7819,352
4153,7820,552
4154,7821,10
4155,7822,42
4156,7823,38
4156,7824,286
4156,7825,553
4157,7826,36
4157,7827,554
4158,7828,556
4159,7829,42
4159,7830,478
4161,7831,42
4162,7832,453
4162,7833,557
4163,7834,42
4163,7835,523
4164,7836,558
,7837,558
4167,7838,63
4167,7839,559
4167,7840,401
4167,7841,357
4168,7842,482
4168,7843,63
4168,7844,560
4169,7845,559
4169,7846,401
4169,7847,560
4170,7848,306
4171,7849,10
4171,7850,321
4172,7851,561
4172,7852,321
4173,7853,562
4173,7854,563
4174,7855,321
4174,7856,564
4175,7857,565
4175,7858,437
4176,7859,42
4176,7860,257
4177,7861,42
4177,7862,257
4177,7863,566
4178,7864,10
4178,7865,567
4179,7866,479
4180,7867,568
4181,7868,42
4182,7869,42
4182,7870,
3476,6276,408
3477,6277,409
3478,6278,390
3478,6279,21
3479,6280,7
3479,6281,103
3481,6283,15
3482,6284,21
3483,6285,363
3491,6286,10
3492,6287,410
3492,6288,
3495,6289,21
3495,6290,
3498,6291,329
3498,6292,316
3499,6293,10
3499,6294,321
3499,6295,411
3499,6296,92
3500,6297,10
3500,6298,92
3500,6299,10
3500,6300,92
3501,6301,10
3501,6302,92
3502,6303,412
3502,6304,413
3502,6305,92
3503,6306,412
3503,6307,413
3503,6308,92
3504,6309,142
3504,6310,103
3504,6311,414
3504,6312,92
3505,6313,142
3505,6314,103
3505,6315,414
3505,6316,92
3506,6317,363
3506,6318,10
3506,6319,92
3507,6320,363
3507,6321,10
3507,6322,92
3508,6323,63
3508,6324,415
3508,6325,92
3505,6326,257
3504,6327,257
3505,6328,257
3508,6329,63
3508,6330,415
3508,6331,92
3509,6332,63
3509,6333,415
3509,6334,92
3510,6335,401
3510,6336,321
3510,6337,411
3510,6338,92
3511,6339,401
3511,6340,321
3511,6341,92
3512,6342,416
3512,6343,417
3512,6344,92
3513,6345,416
3513,6346,417
3513,6347,257
3514,6348,418
3514,6349,257
3515,6350,418
3515,6351,257
3516,6352,419
3516,6353,369
3516,6354,92
3517,6355,369
3517,6356,103
3517,6357,419
3517,6358,92
3518,6359,321
3518,6360,411
3518,6361,80
3518,6362,92
3519,6363,321
3519,6364,411
3519,6365,80
3520,6366,321
3520,6367,411
3520,6368,80
3521,6369,410
3521,6370,92
3522,6371,10
3522,6372,134
3522,6373,92
3523,6374,420
3523,6375,92
3524,6376,420
3524,6377,92
3525,6378,421
3525,6379,92
3526,6380,421
3526,6381,92
3527,6382,421
3527,6383,92
3528,6384,370
3528,6385,422
3528,6386,257
3528,6387,10
3529,6388,10
3529,6389,423
3529,6390,92
3530,6391,10
3530,6392,424
3530,6393,425
3531,6394,10
3531,6395,424
3531,6396,425
3531,6397,92
3532,6398,10
3532,6399,361
3532,6400,92
3533,6401,10
3533,6402,401
3533,6403,92
3534,6404,321
3534,6405,384
3534,6406,92
3535,6407,42
3535,6408,10
3535,6409,92
3536,6410,10
3536,6411,
3537,6412,10
3538,6413,10
3539,6414,10
3540,6415,10
3541,6416,10
3541,6417,92
3542,6418,10
3542,6419,92
3543,6420,10
3543,6421,92
3544,6422,10
3544,6423,92
3545,6424,10
3545,6425,417
3545,6426,92
3546,6427,10
3546,6428,63
3546,6429,92
3547,6430,10
3547,6431,92
3547,6432,419
3547,6433,103
3548,6434,10
3548,6435,92
3549,6436,10
3549,6437,92
3550,6438,10
3550,6439,92
3551,6440,412
3551,6441,413
3551,6442,92
3551,6443,412
3551,6444,413
3551,6445,92
3552,6446,412
3552,6447,413
3552,6448,92
3553,6449,414
3553,6450,103
3553,6451,257
3554,6452,363
3554,6453,10
3554,6454,92
3554,6455,363
3554,6456,10
3554,6457,92
3555,6458,363
3555,6459,10
3555,6460,92
3556,6461,63
3556,6462,415
3556,6463,92
3557,6464,10
3558,6465,10
3559,6466,411
3559,6467,321
3559,6468,92
3560,6469,426
3560,6470,42
3560,6471,92
3561,6472,92
3562,6473,319
3562,6474,425
3562,6475,
3563,6476,361
3563,6477,92
3564,6478,361
3564,6479,92
3565,6480,401
3565,6481,357
3565,6482,92
3566,6483,401
3566,6484,357
3566,6485,92
3567,6486,321
3567,6487,384
3567,6488,92
3568,6489,42
3568,6490,10
3568,6491,257
3569,6492,10
3570,6493,10
3571,6494,10
3572,6495,410
3572,6496,427
3572,6497,92
3573,6498,10
3573,6499,134
3573,6500,428
3573,6501,92
3574,6502,420
3574,6503,352
3574,6504,92
3575,6505,420
3575,6506,352
3575,6507,92
3576,6508,429
3576,6509,421
3576,6510,92
3577,6511,429
3577,6512,421
3577,6513,92
3578,6514,430
3578,6515,92
3578,6516,10
3579,6517,10
3579,6518,423
3579,6519,92
3580,6520,10
3580,6521,423
3580,6522,63
3580,6523,92
3581,6524,425
3581,6525,10
3581,6526,92
3582,6527,431
3583,6528,431
3583,6529,92
3583,6530,431
3583,6531,92
3584,6532,431
3584,6533,92
3585,6534,416
3585,6535,417
3585,6536,92
3586,6537,416
3586,6538,417
3586,6539,92
3587,6540,418
3587,6541,257
3588,6542,419
3588,6543,92
3589,6544,419
3589,6545,92
3590,6546,321
3590,6547,411
3590,6548,80
3590,6549,92
3591,6550,321
3591,6551,411
3591,6552,80
3591,6553,92
3592,6554,321
3592,6555,411
3592,6556,80
3592,6557,92
3593,6558,10
3593,6559,92
3594,6560,10
3594,6561,92
3595,6562,10
3595,6563,92
3596,6564,10
3596,6565,92
3597,6566,412
3597,6567,413
3597,6568,92
3597,6569,412
3597,6570,413
3597,6571,92
3598,6572,412
3598,6573,413
3598,6574,92
3599,6575,414
3599,6576,432
3599,6577,257
3600,6578,414
3600,6579,432
3600,6580,257
3601,6581,418
3601,6582,257
3602,6583,363
3602,6584,10
3602,6585,92
3603,6586,363
3603,6587,10
3603,6588,92
3604,6589,431
3604,6590,92
3605,6591,431
3605,6592,92
3606,6593,431
3606,6594,92
3607,6595,416
3607,6596,417
3607,6597,92
3608,6598,416
3608,6599,417
3608,6600,92
3609,6601,63
3609,6602,415
3609,6603,92
3610,6604,433
3610,6605,92
3611,6606,433
3611,6607,92
3612,6608,321
3612,6609,411
3612,6610,80
3612,6611,92
3613,6612,321
3613,6613,411
3613,6614,80
3613,6615,92
3614,6616,321
3614,6617,411
3614,6618,80
3614,6619,92
3615,6620,321
3615,6621,411
3615,6622,80
3615,6623,92
3616,6624,321
3616,6625,411
3616,6626,80
3616,6627,92
3617,6628,401
3617,6629,357
3617,6630,92
3618,6631,434
3618,6632,410
3618,6633,92
3619,6634,434
3619,6635,92
3620,6636,10
3620,6637,134
3620,6638,428
3620,6639,92
3621,6640,10
3621,6641,134
3621,6642,428
3621,6643,92
3622,6644,420
3622,6645,352
3622,6646,92
3623,6647,420
3623,6648,352
3623,6649,92
3624,6650,429
3624,6651,421
3624,6652,92
3625,6653,429
3625,6654,421
3625,6655,92
3626,6656,361
3626,6657,92
3627,6658,10
3627,6659,430
3627,6660,435
3627,6661,92
3628,6662,10
3628,6663,423
3628,6664,92
3629,6665,10
3629,6666,423
3629,6667,92
3630,6668,10
3630,6669,425
3630,6670,424
3630,6671,92
3631,6672,10
3631,6673,425
3631,6674,424
3631,6675,92
3632,6676,42
3632,6677,10
3632,6678,257
3633,6679,42
3633,6680,10
3633,6681,257
3634,6682,384
3634,6683,92
3635,6684,10
3635,6685,92
3636,6686,10
3636,6687,92
3637,6688,10
3637,6689,92
3638,6690,10
3638,6691,92
3639,6692,10
3639,6693,92
3640,6694,10
3640,6695,92
3641,6696,10
3641,6697,92
3642,6698,10
3643,6699,10
3644,6700,10
3645,6701,10
3646,6702,10
3647,6703,10
3648,6704,10
