"BookTopicID","TopicID","BookID"
"2234","1","1"
"2235","1","2"
"2236","42","3"
"2237","89","4"
"2238","14","5"
"2241","7","8"
"2242","5","9"
"2243","5","10"
"2244","5","11"
"2245","8","12"
"2246","8","13"
"2247","8","14"
"2248","216","15"
"2249","10","16"
"2250","265","17"
"2251","265","18"
"2252","9","19"
"2253","12","20"
"2254","13","21"
"2255","14","22"
"2256","15","23"
"2257","14","25"
"2258","15","26"
"2259","15","27"
"2260","15","28"
"2261","15","29"
"2262","15","30"
"2263","9","31"
"2264","9","32"
"2265","16","33"
"2266","14","34"
"2267","116","35"
"2268","15","36"
"2269","18","37"
"2270","19","38"
"2271","20","39"
"2272","21","40"
"2273","21","41"
"2274","22","42"
"2275","5","43"
"2276","23","44"
"2277","23","45"
"2278","24","46"
"2279","25","47"
"2280","92","48"
"2281","10","49"
"2282","27","50"
"2283","27","51"
"2284","27","52"
"2285","27","53"
"2286","28","54"
"2287","47","55"
"2288","29","56"
"2289","29","57"
"2290","10","58"
"2291","30","59"
"2292","80","60"
"2293","31","61"
"2294","3","62"
"2295","22","63"
"2296","181","64"
"2297","34","65"
"2298","27","66"
"2299","42","67"
"2300","36","68"
"2301","25","69"
"2302","37","70"
"2303","10","71"
"2304","38","72"
"2305","8","73"
"2306","39","74"
"2307","53","75"
"2308","12","76"
"2309","10","77"
"2310","68","78"
"2311","42","79"
"2312","42","80"
"2313","22","81"
"2314","262","82"
"2315","46","83"
"2316","47","84"
"2317","48","85"
"2318","49","86"
"2319","24","87"
"2320","23","88"
"2321","51","89"
"2322","10","90"
"2323","25","91"
"2324","25","92"
"2325","25","93"
"2326","25","94"
"2327","10","95"
"2328","10","96"
"2329","52","97"
"2330","52","98"
"2331","15","99"
"2332","52","100"
"2333","52","101"
"2334","52","102"
"2335","53","103"
"2336","53","104"
"2337","54","105"
"2338","108","106"
"2339","26","107"
"2340","56","108"
"2341","20","109"
"2342","20","110"
"2343","57","111"
"2344","7","112"
"2345","58","113"
"2346","59","114"
"2347","37","115"
"2348","203","116"
"2349","61","117"
"2350","15","118"
"2351","15","119"
"2352","22","120"
"2353","22","121"
"2354","22","122"
"2355","22","123"
"2356","116","124"
"2357","63","125"
"2358","257","126"
"2359","64","127"
"2360","64","128"
"2361","64","129"
"2362","64","130"
"2363","64","131"
"2364","64","132"
"2365","64","133"
"2366","64","134"
"2367","266","135"
"2368","266","136"
"2369","266","137"
"2370","266","138"
"2371","266","139"
"2372","66","140"
"2373","66","141"
"2374","267","142"
"2375","267","143"
"2376","267","144"
"2377","24","145"
"2378","10","146"
"2379","25","147"
"2380","250","148"
"2381","23","149"
"2382","10","150"
"2383","7","151"
"2384","254","152"
"2385","10","153"
"2386","10","154"
"2387","70","155"
"2388","71","156"
"2389","71","157"
"2390","72","158"
"2391","73","159"
"2392","116","160"
"2393","75","161"
"2394","75","162"
"2396","140","164"
"2397","15","165"
"2398","31","166"
"2399","250","167"
"2400","68","168"
"2401","78","169"
"2402","15","170"
"2403","15","171"
"2404","92","172"
"2405","79","173"
"2406","10","174"
"2407","22","175"
"2408","89","176"
"2409","22","177"
"2410","9","178"
"2411","29","179"
"2412","196","180"
"2413","42","181"
"2414","63","182"
"2415","53","183"
"2416","14","184"
"2417","22","185"
"2418","80","186"
"2419","81","187"
"2420","82","188"
"2421","83","189"
"2422","15","191"
"2423","46","192"
"2424","37","193"
"2425","80","194"
"2426","5","195"
"2427","53","196"
"2428","80","197"
"2429","29","198"
"2430","42","199"
"2431","26","200"
"2432","22","201"
"2433","85","202"
"2434","86","203"
"2435","72","204"
"2436","196","205"
"2438","71","207"
"2439","15","208"
"2440","89","209"
"2441","90","210"
"2442","22","211"
"2443","5","212"
"2444","92","213"
"2445","15","214"
"2446","23","215"
"2447","9","216"
"2448","83","217"
"2449","83","218"
"2450","89","219"
"2451","90","220"
"2452","42","221"
"2453","89","222"
"2454","5","223"
"2455","10","224"
"2456","15","225"
"2457","5","226"
"2458","42","227"
"2459","14","228"
"2460","7","229"
"2461","29","230"
"2462","10","231"
"2463","42","232"
"2464","26","233"
"2465","93","234"
"2466","93","235"
"2467","93","236"
"2468","93","237"
"2469","93","238"
"2470","93","239"
"2471","93","240"
"2472","93","241"
"2473","93","242"
"2474","93","243"
"2475","93","244"
"2476","93","245"
"2477","93","246"
"2478","93","247"
"2479","93","248"
"2480","93","249"
"2481","93","250"
"2482","93","251"
"2483","94","252"
"2484","93","253"
"2485","93","254"
"2486","93","255"
"2487","93","256"
"2488","93","257"
"2489","94","258"
"2490","94","259"
"2491","94","260"
"2492","94","261"
"2493","93","262"
"2494","93","263"
"2495","93","264"
"2496","95","265"
"2497","96","266"
"2498","97","267"
"2499","97","268"
"2500","97","269"
"2501","97","270"
"2502","94","271"
"2503","94","272"
"2504","94","273"
"2505","94","274"
"2506","94","275"
"2507","94","276"
"2508","94","277"
"2509","94","278"
"2510","94","279"
"2511","94","280"
"2512","94","281"
"2513","94","282"
"2514","94","283"
"2515","94","284"
"2516","97","285"
"2517","97","286"
"2518","97","287"
"2519","97","288"
"2520","97","289"
"2521","97","290"
"2522","97","291"
"2523","97","292"
"2524","97","293"
"2525","97","294"
"2526","98","295"
"2527","94","296"
"2528","96","297"
"2529","96","298"
"2530","268","299"
"2531","268","300"
"2532","268","301"
"2533","268","302"
"2534","268","303"
"2535","96","304"
"2536","96","305"
"2537","96","306"
"2538","96","307"
"2539","269","308"
"2540","269","309"
"2541","270","310"
"2542","270","311"
"2543","96","312"
"2544","100","313"
"2545","100","314"
"2546","100","315"
"2547","22","316"
"2548","12","317"
"2549","140","318"
"2550","101","319"
"2551","92","320"
"2552","207","321"
"2553","9","322"
"2554","25","323"
"2555","197","324"
"2556","103","325"
"2557","42","326"
"2558","22","327"
"2559","14","328"
"2560","14","329"
"2561","104","330"
"2562","34","331"
"2563","34","332"
"2564","34","333"
"2565","14","334"
"2566","89","335"
"2568","78","337"
"2569","14","338"
"2570","116","339"
"2571","116","340"
"2572","116","341"
"2573","63","342"
"2574","148","343"
"2575","42","344"
"2576","92","345"
"2577","75","346"
"2578","15","347"
"2579","7","348"
"2580","107","349"
"2581","80","350"
"2582","72","351"
"2583","14","352"
"2584","29","353"
"2585","108","354"
"2586","59","355"
"2587","10","356"
"2588","10","357"
"2589","10","358"
"2590","15","359"
"2591","257","360"
"2592","86","361"
"2593","110","362"
"2594","110","363"
"2595","14","364"
"2596","14","365"
"2597","68","366"
"2598","23","367"
"2599","10","368"
"2600","14","369"
"2601","14","370"
"2602","14","371"
"2603","14","372"
"2604","7","373"
"2605","89","374"
"2606","113","375"
"2607","113","376"
"2608","22","377"
"2609","26","378"
"2610","49","379"
"2611","112","380"
"2612","26","381"
"2613","113","382"
"2614","114","383"
"2615","42","384"
"2616","58","385"
"2617","58","386"
"2618","10","387"
"2619","78","388"
"2620","7","389"
"2621","7","390"
"2622","42","391"
"2623","53","392"
"2624","116","393"
"2625","22","394"
"2626","26","395"
"2627","63","396"
"2628","10","397"
"2629","22","398"
"2630","10","399"
"2631","10","400"
"2632","10","401"
"2633","26","402"
"2634","30","403"
"2635","15","404"
"2636","8","405"
"2637","29","406"
"2638","89","407"
"2639","89","408"
"2640","53","409"
"2641","81","410"
"2642","117","411"
"2644","9","413"
"2645","9","414"
"2646","53","415"
"2647","42","416"
"2648","77","417"
"2649","76","418"
"2650","76","419"
"2651","5","420"
"2652","22","421"
"2653","76","422"
"2654","72","423"
"2655","104","424"
"2656","80","425"
"2657","40","426"
"2658","5","427"
"2659","5","428"
"2660","196","429"
"2661","34","430"
"2662","108","431"
"2663","71","432"
"2664","75","433"
"2665","61","434"
"2666","143","435"
"2667","15","436"
"2668","42","437"
"2669","42","438"
"2670","10","439"
"2671","92","441"
"2672","80","442"
"2673","80","443"
"2674","80","444"
"2675","80","445"
"2676","22","446"
"2677","24","447"
"2678","42","448"
"2679","119","449"
"2680","208","450"
"2681","119","451"
"2683","58","453"
"2684","116","454"
"2685","31","455"
"2686","34","456"
"2687","15","457"
"2688","12","458"
"2689","10","459"
"2690","24","460"
"2691","27","461"
"2692","122","462"
"2693","122","463"
"2694","10","464"
"2695","25","465"
"2696","89","466"
"2697","36","467"
"2698","42","468"
"2699","72","469"
"2700","46","470"
"2701","48","471"
"2702","48","472"
"2703","48","473"
"2704","48","474"
"2705","48","475"
"2706","48","476"
"2707","48","477"
"2708","48","478"
"2709","48","479"
"2710","48","480"
"2711","48","481"
"2712","48","482"
"2713","48","483"
"2714","48","484"
"2715","48","485"
"2716","48","486"
"2717","48","487"
"2718","48","488"
"2719","48","489"
"2720","16","490"
"2721","82","491"
"2722","82","492"
"2723","82","493"
"2724","82","494"
"2725","82","495"
"2726","82","496"
"2727","82","497"
"2728","82","498"
"2729","82","499"
"2730","46","500"
"2731","123","501"
"2732","37","502"
"2733","82","503"
"2734","123","504"
"2735","123","505"
"2736","123","506"
"2737","123","507"
"2738","123","508"
"2739","123","509"
"2741","46","511"
"2742","46","512"
"2743","46","513"
"2744","46","514"
"2745","46","515"
"2746","46","516"
"2747","46","517"
"2748","46","518"
"2749","46","519"
"2750","46","520"
"2751","46","521"
"2752","46","522"
"2753","46","523"
"2754","46","524"
"2755","46","525"
"2756","46","526"
"2757","46","527"
"2758","46","528"
"2759","46","529"
"2760","119","530"
"2761","90","531"
"2762","90","532"
"2763","9","533"
"2764","9","534"
"2765","9","535"
"2766","16","536"
"2768","48","538"
"2769","48","539"
"2770","3","540"
"2771","16","541"
"2772","16","542"
"2773","16","543"
"2774","16","544"
"2775","82","545"
"2776","16","546"
"2777","90","547"
"2778","90","548"
"2779","90","549"
"2780","125","550"
"2781","125","551"
"2782","16","552"
"2783","16","553"
"2784","22","554"
"2785","48","555"
"2786","48","556"
"2787","48","557"
"2788","48","558"
"2789","48","559"
"2790","48","560"
"2791","48","561"
"2792","48","562"
"2793","48","563"
"2794","48","564"
"2795","48","565"
"2796","48","566"
"2797","48","567"
"2798","48","568"
"2799","48","569"
"2800","48","570"
"2801","126","571"
"2802","82","572"
"2803","48","573"
"2804","48","574"
"2805","48","575"
"2806","127","576"
"2807","16","577"
"2808","123","578"
"2809","82","579"
"2810","48","580"
"2811","48","581"
"2812","127","582"
"2813","82","583"
"2814","82","584"
"2815","125","585"
"2816","116","586"
"2817","46","587"
"2818","46","588"
"2819","73","589"
"2820","73","590"
"2821","26","591"
"2822","27","592"
"2823","27","593"
"2824","27","594"
"2825","27","595"
"2826","27","596"
"2827","27","597"
"2828","27","598"
"2829","27","599"
"2830","27","600"
"2831","128","601"
"2832","128","602"
"2833","128","603"
"2834","27","604"
"2835","128","605"
"2836","128","606"
"2837","27","607"
"2838","27","608"
"2840","119","610"
"2841","5","611"
"2842","7","612"
"2843","21","613"
"2844","23","614"
"2845","30","615"
"2846","196","616"
"2847","75","617"
"2848","48","618"
"2849","129","619"
"2850","42","620"
"2851","22","621"
"2852","7","622"
"2853","26","623"
"2854","26","624"
"2855","26","625"
"2856","22","626"
"2857","49","627"
"2858","15","628"
"2859","22","629"
"2860","131","630"
"2861","132","631"
"2862","76","632"
"2863","34","633"
"2864","9","634"
"2865","112","635"
"2866","112","636"
"2867","75","637"
"2868","75","638"
"2869","14","639"
"2870","14","640"
"2871","23","641"
"2872","23","642"
"2873","7","643"
"2874","7","644"
"2876","53","646"
"2877","22","647"
"2878","103","648"
"2879","14","649"
"2880","12","650"
"2881","25","651"
"2882","42","652"
"2883","75","653"
"2885","29","655"
"2886","71","656"
"2887","89","657"
"2888","22","658"
"2889","5","659"
"2890","68","660"
"2891","113","661"
"2892","23","662"
"2893","23","663"
"2894","281","664"
"2895","22","665"
"2896","24","666"
"2897","75","667"
"2898","51","668"
"2899","9","669"
"2900","8","670"
"2901","22","671"
"2902","5","672"
"2903","22","673"
"2904","22","674"
"2905","14","675"
"2906","92","676"
"2907","14","677"
"2908","131","678"
"2909","27","679"
"2910","10","680"
"2911","207","681"
"2912","207","682"
"2913","10","683"
"2914","92","684"
"2915","null","685"
"2916","48","686"
"2917","61","687"
"2918","22","688"
"2919","103","689"
"2920","31","690"
"2921","10","691"
"2922","10","692"
"2923","257","693"
"2924","15","694"
"2925","75","695"
"2926","116","696"
"2927","72","697"
"2928","116","698"
"2929","14","699"
"2930","14","700"
"2931","90","701"
"2932","34","702"
"2933","108","703"
"2934","40","704"
"2935","26","705"
"2936","22","706"
"2937","24","707"
"2938","15","708"
"2939","26","709"
"2940","42","710"
"2941","250","711"
"2942","15","712"
"2943","71","713"
"2944","22","714"
"2945","22","715"
"2946","15","716"
"2947","103","717"
"2948","15","718"
"2949","137","719"
"2950","23","720"
"2951","104","721"
"2952","104","722"
"2953","106","723"
"2954","63","724"
"2955","90","725"
"2956","14","726"
"2957","15","727"
"2958","42","728"
"2959","137","729"
"2960","15","730"
"2961","8","731"
"2962","10","732"
"2963","7","733"
"2964","22","734"
"2965","261","735"
"2966","7","736"
"2967","54","737"
"2968","3","738"
"2969","3","739"
"2970","89","740"
"2971","53","741"
"2972","10","742"
"2973","14","743"
"2976","5","746"
"2977","23","747"
"2978","76","748"
"2979","51","749"
"2980","92","750"
"2981","14","751"
"2982","22","752"
"2983","139","753"
"2984","139","754"
"2985","139","755"
"2986","26","756"
"2987","21","757"
"2988","22","758"
"2989","25","759"
"2990","42","760"
"2991","81","761"
"2992","26","762"
"2993","63","763"
"2994","48","764"
"2995","73","765"
"2996","82","766"
"2997","140","767"
"2998","73","768"
"2999","141","769"
"3000","142","770"
"3001","63","771"
"3002","25","772"
"3003","22","773"
"3004","250","774"
"3005","103","775"
"3006","10","776"
"3007","22","777"
"3008","143","778"
"3009","22","779"
"3010","37","780"
"3011","26","781"
"3012","15","782"
"3013","72","783"
"3014","14","784"
"3015","181","785"
"3016","30","786"
"3017","181","787"
"3018","116","788"
"3019","15","789"
"3020","86","790"
"3021","22","791"
"3022","257","792"
"3023","257","793"
"3024","42","794"
"3025","104","795"
"3026","92","796"
"3027","76","797"
"3028","42","798"
"3029","90","799"
"3031","90","801"
"3032","42","802"
"3033","196","803"
"3034","89","804"
"3035","70","805"
"3036","119","806"
"3037","9","807"
"3038","9","808"
"3039","23","809"
"3040","23","810"
"3041","10","811"
"3042","42","812"
"3043","29","813"
"3044","7","814"
"3045","9","815"
"3046","26","816"
"3047","25","817"
"3049","76","819"
"3050","140","820"
"3051","14","821"
"3052","14","822"
"3053","19","823"
"3054","103","824"
"3055","42","825"
"3056","14","826"
"3057","90","827"
"3058","108","828"
"3059","108","829"
"3060","42","830"
"3061","15","831"
"3062","92","832"
"3063","25","833"
"3064","90","834"
"3065","123","835"
"3066","25","836"
"3067","207","837"
"3068","10","838"
"3069","15","839"
"3070","10","840"
"3071","8","841"
"3072","8","842"
"3073","7","843"
"3074","58","844"
"3075","29","845"
"3076","24","846"
"3077","68","847"
"3078","15","848"
"3079","76","849"
"3080","42","850"
"3081","138","851"
"3082","89","852"
"3083","82","853"
"3084","132","854"
"3085","22","855"
"3086","29","856"
"3087","15","857"
"3088","250","858"
"3089","6","859"
"3090","14","860"
"3091","14","861"
"3092","146","862"
"3093","14","863"
"3094","14","864"
"3095","14","865"
"3096","37","866"
"3097","21","867"
"3098","21","868"
"3099","12","869"
"3100","14","870"
"3101","14","871"
"3102","10","872"
"3103","51","873"
"3104","42","874"
"3105","37","875"
"3106","12","876"
"3107","10","877"
"3108","147","878"
"3109","148","879"
"3110","148","880"
"3111","42","881"
"3112","42","882"
"3113","22","883"
"3114","142","884"
"3115","196","885"
"3116","26","886"
"3117","9","887"
"3118","9","888"
"3119","42","889"
"3120","23","890"
"3121","23","891"
"3122","23","892"
"3123","26","893"
"3124","22","894"
"3126","7","896"
"3127","42","897"
"3128","42","898"
"3129","42","899"
"3130","42","900"
"3131","82","901"
"3132","92","902"
"3133","250","903"
"3134","63","904"
"3135","51","905"
"3136","14","906"
"3137","14","907"
"3138","14","908"
"3139","103","909"
"3140","22","910"
"3141","251","911"
"3142","5","912"
"3143","15","913"
"3144","14","914"
"3145","92","915"
"3146","152","916"
"3147","76","917"
"3148","207","918"
"3150","207","920"
"3151","72","921"
"3152","14","922"
"3153","29","923"
"3154","10","924"
"3155","31","925"
"3156","26","926"
"3157","5","927"
"3158","24","928"
"3159","116","929"
"3160","22","930"
"3161","22","931"
"3162","23","932"
"3163","116","933"
"3164","90","934"
"3165","119","935"
"3166","14","936"
"3167","15","937"
"3168","7","938"
"3169","22","939"
"3170","28","940"
"3171","10","941"
"3172","89","942"
"3173","85","943"
"3174","119","944"
"3175","31","945"
"3176","42","946"
"3177","22","947"
"3178","10","948"
"3179","10","949"
"3180","10","950"
"3181","103","951"
"3182","21","952"
"3183","10","953"
"3184","42","954"
"3185","26","955"
"3186","86","956"
"3187","76","957"
"3188","63","958"
"3189","10","959"
"3190","22","960"
"3191","83","961"
"3192","63","962"
"3193","8","963"
"3194","47","964"
"3195","47","965"
"3196","26","966"
"3197","103","967"
"3198","103","968"
"3199","10","969"
"3200","104","970"
"3201","22","971"
"3202","22","972"
"3203","57","973"
"3204","143","974"
"3205","68","975"
"3206","37","976"
"3207","116","977"
"3208","148","978"
"3209","15","979"
"3210","143","980"
"3211","30","981"
"3212","89","982"
"3213","30","983"
"3214","22","984"
"3215","153","985"
"3216","153","986"
"3217","153","987"
"3218","257","988"
"3219","68","989"
"3220","155","990"
"3221","155","991"
"3222","155","992"
"3223","155","993"
"3224","155","994"
"3225","155","995"
"3226","155","996"
"3227","155","997"
"3228","155","998"
"3229","29","999"
"3230","61","1000"
"3231","22","1001"
"3232","9","1002"
"3233","53","1003"
"3234","5","1004"
"3235","10","1005"
"3236","89","1006"
"3237","46","1008"
"3238","104","1009"
"3239","104","1010"
"3240","15","1011"
"3241","22","1012"
"3242","22","1013"
"3243","196","1014"
"3244","29","1015"
"3245","81","1016"
"3246","79","1017"
"3247","10","1018"
"3248","29","1019"
"3249","29","1020"
"3250","63","1021"
"3251","15","1022"
"3252","23","1023"
"3253","79","1024"
"3254","116","1025"
"3255","78","1026"
"3256","51","1027"
"3257","26","1028"
"3258","22","1029"
"3259","49","1030"
"3260","15","1031"
"3261","26","1032"
"3262","16","1033"
"3263","48","1034"
"3264","48","1035"
"3265","49","1036"
"3266","5","1037"
"3267","5","1038"
"3268","14","1039"
"3269","26","1040"
"3270","28","1041"
"3271","75","1042"
"3272","104","1043"
"3273","104","1044"
"3274","22","1045"
"3275","22","1046"
"3276","251","1047"
"3277","61","1048"
"3278","27","1049"
"3279","27","1050"
"3280","27","1051"
"3281","157","1052"
"3282","157","1053"
"3283","157","1054"
"3284","157","1055"
"3285","157","1056"
"3286","12","1057"
"3287","12","1058"
"3288","12","1059"
"3289","150","1060"
"3290","72","1061"
"3291","89","1062"
"3292","89","1063"
"3293","34","1064"
"3294","34","1065"
"3295","43","1066"
"3296","37","1067"
"3297","9","1068"
"3298","89","1069"
"3299","20","1070"
"3300","20","1071"
"3301","20","1072"
"3302","20","1073"
"3303","20","1074"
"3304","20","1075"
"3305","20","1076"
"3306","20","1077"
"3307","20","1078"
"3308","20","1079"
"3309","20","1080"
"3310","20","1081"
"3311","26","1082"
"3312","27","1083"
"3313","63","1084"
"3314","72","1085"
"3315","103","1086"
"3316","80","1087"
"3317","49","1088"
"3318","72","1089"
"3319","29","1090"
"3320","29","1091"
"3321","23","1092"
"3322","26","1093"
"3323","72","1094"
"3324","53","1095"
"3325","76","1096"
"3326","76","1097"
"3327","29","1098"
"3328","89","1099"
"3329","34","1100"
"3330","34","1101"
"3331","57","1102"
"3332","57","1103"
"3333","12","1104"
"3334","10","1105"
"3335","110","1106"
"3336","110","1107"
"3337","110","1108"
"3338","22","1109"
"3339","22","1110"
"3340","10","1111"
"3341","22","1112"
"3342","57","1113"
"3343","42","1114"
"3344","257","1115"
"3345","14","1116"
"3346","137","1117"
"3347","71","1118"
"3348","42","1119"
"3349","23","1120"
"3350","63","1121"
"3351","29","1122"
"3352","34","1123"
"3353","7","1124"
"3354","116","1125"
"3355","61","1126"
"3356","92","1127"
"3357","10","1128"
"3358","158","1129"
"3359","103","1130"
"3360","9","1131"
"3361","34","1132"
"3362","10","1133"
"3363","10","1134"
"3364","148","1135"
"3365","22","1136"
"3366","23","1137"
"3367","15","1138"
"3368","127","1139"
"3369","21","1140"
"3370","148","1141"
"3371","83","1142"
"3372","104","1143"
"3373","86","1144"
"3374","89","1145"
"3375","14","1146"
"3376","196","1147"
"3377","261","1148"
"3378","104","1149"
"3379","104","1150"
"3380","104","1151"
"3381","104","1152"
"3382","104","1153"
"3383","25","1154"
"3384","31","1155"
"3385","216","1156"
"3386","75","1157"
"3387","14","1158"
"3388","26","1159"
"3389","7","1160"
"3390","10","1161"
"3391","22","1162"
"3392","42","1163"
"3393","152","1165"
"3394","83","1166"
"3395","61","1167"
"3396","61","1168"
"3397","41","1169"
"3398","14","1170"
"3399","14","1171"
"3400","38","1172"
"3401","29","1173"
"3402","103","1174"
"3403","10","1175"
"3404","57","1176"
"3405","15","1177"
"3406","10","1178"
"3407","30","1179"
"3408","41","1180"
"3409","10","1181"
"3410","79","1182"
"3411","79","1183"
"3412","29","1184"
"3413","22","1185"
"3414","257","1186"
"3415","10","1187"
"3416","46","1188"
"3417","71","1189"
"3418","108","1190"
"3419","86","1191"
"3420","86","1192"
"3421","30","1193"
"3422","103","1194"
"3423","42","1195"
"3424","161","1196"
"3425","116","1197"
"3426","7","1198"
"3427","89","1199"
"3428","92","1200"
"3429","14","1201"
"3430","42","1202"
"3431","22","1203"
"3432","22","1204"
"3433","78","1205"
"3434","22","1206"
"3435","140","1207"
"3436","22","1208"
"3437","257","1209"
"3438","9","1210"
"3439","250","1211"
"3440","29","1212"
"3441","15","1213"
"3442","22","1214"
"3444","10","1216"
"3445","63","1217"
"3446","22","1218"
"3447","53","1219"
"3448","23","1220"
"3449","90","1221"
"3450","10","1222"
"3451","10","1223"
"3452","10","1224"
"3453","42","1225"
"3454","42","1226"
"3455","108","1227"
"3456","53","1228"
"3457","10","1229"
"3458","116","1230"
"3459","29","1231"
"3460","29","1232"
"3461","68","1233"
"3462","14","1234"
"3463","22","1235"
"3464","26","1236"
"3465","81","1237"
"3466","5","1238"
"3467","14","1239"
"3468","22","1240"
"3469","29","1241"
"3470","137","1242"
"3471","23","1243"
"3472","137","1244"
"3473","26","1245"
"3474","86","1246"
"3475","15","1247"
"3476","42","1248"
"3477","10","1249"
"3478","14","1250"
"3479","14","1251"
"3480","61","1252"
"3481","26","1253"
"3482","196","1254"
"3483","92","1255"
"3484","53","1256"
"3485","10","1257"
"3486","76","1258"
"3487","70","1259"
"3488","92","1260"
"3489","5","1261"
"3490","30","1262"
"3491","103","1263"
"3492","103","1264"
"3493","103","1265"
"3494","5","1266"
"3495","5","1267"
"3496","10","1268"
"3497","16","1269"
"3498","12","1270"
"3499","12","1271"
"3500","51","1272"
"3501","89","1273"
"3502","34","1274"
"3503","134","1275"
"3504","63","1276"
"3505","75","1277"
"3506","10","1278"
"3507","164","1279"
"3508","164","1280"
"3509","164","1281"
"3510","10","1282"
"3511","255","1283"
"3512","140","1284"
"3513","14","1285"
"3514","15","1286"
"3515","63","1287"
"3516","8","1288"
"3517","6","1289"
"3518","6","1290"
"3519","6","1291"
"3520","6","1292"
"3521","6","1293"
"3522","103","1294"
"3523","9","1295"
"3524","53","1296"
"3525","90","1297"
"3526","14","1298"
"3527","22","1299"
"3528","89","1300"
"3529","49","1301"
"3530","10","1302"
"3531","15","1303"
"3532","207","1304"
"3533","15","1305"
"3534","15","1306"
"3535","15","1307"
"3536","15","1308"
"3537","15","1309"
"3538","14","1310"
"3539","15","1311"
"3540","49","1312"
"3541","23","1313"
"3542","23","1314"
"3543","22","1315"
"3544","152","1316"
"3545","152","1317"
"3546","152","1318"
"3547","76","1319"
"3548","61","1320"
"3549","257","1321"
"3550","42","1322"
"3551","14","1323"
"3552","90","1324"
"3553","22","1325"
"3554","257","1326"
"3555","10","1327"
"3556","42","1328"
"3557","110","1329"
"3558","6","1330"
"3559","83","1331"
"3560","15","1332"
"3561","165","1333"
"3562","165","1334"
"3563","78","1335"
"3564","78","1336"
"3565","83","1337"
"3566","42","1338"
"3567","51","1339"
"3568","22","1340"
"3569","78","1341"
"3570","76","1342"
"3571","9","1343"
"3572","41","1344"
"3573","81","1345"
"3574","83","1346"
"3575","19","1347"
"3576","6","1348"
"3577","49","1349"
"3578","81","1350"
"3579","68","1351"
"3580","14","1352"
"3581","7","1353"
"3582","7","1354"
"3583","49","1355"
"3584","104","1356"
"3585","31","1357"
"3586","42","1358"
"3587","42","1359"
"3588","9","1360"
"3589","104","1361"
"3590","168","1362"
"3591","39","1363"
"3592","39","1364"
"3593","169","1365"
"3594","100","1366"
"3595","128","1367"
"3596","170","1368"
"3597","27","1369"
"3598","100","1370"
"3599","171","1371"
"3600","171","1372"
"3601","171","1373"
"3602","171","1374"
"3603","131","1375"
"3604","131","1376"
"3605","131","1377"
"3606","196","1378"
"3607","131","1379"
"3608","131","1380"
"3609","131","1381"
"3610","128","1382"
"3611","128","1383"
"3612","128","1384"
"3613","128","1385"
"3614","100","1386"
"3615","100","1387"
"3616","173","1388"
"3617","173","1389"
"3618","173","1390"
"3619","173","1391"
"3620","173","1392"
"3621","100","1393"
"3622","39","1394"
"3623","39","1395"
"3624","39","1396"
"3625","39","1397"
"3626","39","1398"
"3627","39","1399"
"3628","174","1400"
"3629","174","1401"
"3630","169","1402"
"3631","173","1403"
"3632","100","1404"
"3633","175","1405"
"3634","175","1406"
"3635","100","1407"
"3636","100","1408"
"3637","100","1409"
"3638","100","1410"
"3639","100","1411"
"3640","100","1412"
"3641","100","1413"
"3642","39","1414"
"3643","128","1415"
"3644","128","1416"
"3645","250","1417"
"3646","250","1418"
"3647","250","1419"
"3648","100","1420"
"3649","174","1421"
"3650","174","1422"
"3651","143","1423"
"3652","143","1424"
"3653","143","1425"
"3654","143","1426"
"3655","143","1427"
"3656","143","1428"
"3657","22","1429"
"3658","22","1430"
"3659","14","1431"
"3660","49","1432"
"3661","86","1433"
"3662","89","1434"
"3663","116","1435"
"3664","89","1436"
"3665","89","1437"
"3666","116","1438"
"3667","9","1439"
"3668","26","1440"
"3669","103","1441"
"3670","123","1442"
"3671","42","1443"
"3672","26","1444"
"3673","59","1445"
"3674","123","1446"
"3675","134","1447"
"3676","92","1448"
"3677","37","1449"
"3678","10","1450"
"3679","10","1451"
"3680","22","1452"
"3681","14","1453"
"3682","140","1454"
"3683","25","1455"
"3684","42","1456"
"3685","116","1457"
"3686","24","1458"
"3687","14","1459"
"3688","134","1460"
"3689","26","1461"
"3690","81","1462"
"3691","250","1463"
"3692","177","1464"
"3693","63","1465"
"3694","42","1466"
"3695","53","1467"
"3696","14","1468"
"3697","72","1469"
"3698","104","1470"
"3699","10","1471"
"3700","72","1472"
"3701","63","1473"
"3702","22","1474"
"3703","29","1475"
"3704","15","1476"
"3705","15","1477"
"3706","15","1478"
"3707","250","1479"
"3709","75","1481"
"3710","54","1482"
"3711","26","1483"
"3712","9","1484"
"3713","42","1485"
"3714","22","1486"
"3715","22","1487"
"3716","15","1488"
"3717","27","1489"
"3718","89","1490"
"3719","42","1491"
"3720","9","1492"
"3721","106","1493"
"3722","49","1494"
"3723","23","1495"
"3724","7","1496"
"3725","22","1497"
"3726","10","1498"
"3727","15","1499"
"3728","15","1500"
"3729","15","1501"
"3730","78","1502"
"3731","80","1503"
"3732","15","1504"
"3733","116","1505"
"3734","116","1506"
"3735","61","1507"
"3736","10","1508"
"3737","10","1509"
"3738","7","1510"
"3739","25","1511"
"3740","103","1512"
"3741","92","1513"
"3742","128","1514"
"3743","83","1515"
"3744","89","1516"
"3745","24","1517"
"3746","29","1518"
"3747","30","1519"
"3748","7","1520"
"3749","23","1521"
"3750","42","1522"
"3751","141","1523"
"3752","42","1524"
"3753","22","1525"
"3754","89","1526"
"3755","9","1527"
"3756","10","1528"
"3757","104","1529"
"3758","103","1532"
"3759","75","1533"
"3760","53","1534"
"3761","83","1535"
"3762","14","1536"
"3763","77","1537"
"3764","47","1538"
"3765","79","1539"
"3766","15","1540"
"3767","15","1541"
"3768","83","1542"
"3769","8","1543"
"3770","7","1544"
"3771","37","1545"
"3772","42","1546"
"3773","113","1547"
"3774","113","1548"
"3775","5","1549"
"3776","14","1550"
"3777","76","1551"
"3778","76","1552"
"3779","76","1553"
"3780","76","1554"
"3781","76","1555"
"3782","3","1556"
"3783","75","1558"
"3784","89","1559"
"3785","143","1560"
"3786","31","1561"
"3787","116","1562"
"3788","86","1563"
"3789","104","1564"
"3790","63","1565"
"3791","51","1566"
"3792","75","1567"
"3793","257","1568"
"3794","146","1569"
"3795","22","1570"
"3796","23","1571"
"3797","7","1572"
"3798","108","1573"
"3799","76","1574"
"3800","29","1576"
"3801","75","1577"
"3803","42","1579"
"3804","76","1580"
"3805","23","1581"
"3806","29","1582"
"3807","103","1583"
"3808","113","1584"
"3809","26","1585"
"3810","14","1586"
"3811","14","1587"
"3812","14","1588"
"3813","12","1589"
"3814","21","1590"
"3815","89","1591"
"3816","40","1592"
"3817","116","1593"
"3818","14","1594"
"3819","116","1595"
"3820","116","1596"
"3821","53","1597"
"3822","7","1598"
"3823","15","1599"
"3824","140","1600"
"3825","23","1601"
"3826","15","1602"
"3827","257","1603"
"3828","34","1604"
"3829","79","1605"
"3830","75","1606"
"3831","10","1607"
"3832","63","1608"
"3833","10","1609"
"3834","90","1610"
"3835","28","1611"
"3837","179","1613"
"3838","112","1614"
"3839","14","1615"
"3840","142","1616"
"3841","22","1617"
"3842","181","1618"
"3843","75","1619"
"3844","80","1620"
"3845","10","1621"
"3846","72","1622"
"3847","72","1623"
"3848","72","1624"
"3849","72","1625"
"3850","72","1626"
"3851","28","1627"
"3852","9","1628"
"3853","103","1629"
"3854","34","1630"
"3855","208","1631"
"3856","89","1632"
"3857","85","1633"
"3858","85","1634"
"3859","85","1635"
"3860","85","1636"
"3861","85","1637"
"3862","257","1638"
"3863","100","1639"
"3864","181","1640"
"3865","48","1641"
"3866","48","1642"
"3867","48","1643"
"3868","48","1644"
"3869","48","1645"
"3870","48","1646"
"3871","48","1647"
"3872","48","1648"
"3873","48","1649"
"3874","48","1650"
"3875","48","1651"
"3876","48","1652"
"3877","48","1653"
"3878","48","1654"
"3879","48","1655"
"3880","48","1656"
"3881","168","1657"
"3882","78","1658"
"3883","113","1659"
"3884","9","1660"
"3885","42","1661"
"3886","25","1662"
"3887","26","1663"
"3888","26","1664"
"3889","257","1665"
"3890","89","1666"
"3891","10","1667"
"3892","10","1668"
"3893","61","1669"
"3894","61","1670"
"3895","42","1671"
"3896","34","1672"
"3897","22","1673"
"3898","14","1674"
"3899","43","1675"
"3900","21","1676"
"3901","72","1677"
"3902","54","1678"
"3903","21","1679"
"3904","29","1680"
"3905","8","1681"
"3906","42","1682"
"3907","42","1683"
"3908","83","1684"
"3909","83","1685"
"3910","23","1686"
"3911","23","1687"
"3912","22","1688"
"3913","22","1689"
"3914","42","1690"
"3915","33","1691"
"3916","22","1692"
"3917","15","1693"
"3918","10","1694"
"3919","81","1695"
"3920","37","1696"
"3921","81","1697"
"3922","53","1698"
"3923","12","1699"
"3924","19","1700"
"3925","103","1701"
"3926","14","1702"
"3927","142","1703"
"3930","116","1706"
"3931","116","1707"
"3932","12","1708"
"3933","76","1709"
"3934","119","1710"
"3935","71","1711"
"3936","46","1712"
"3937","46","1713"
"3938","46","1714"
"3939","46","1715"
"3940","15","1716"
"3941","12","1717"
"3942","14","1718"
"3943","71","1719"
"3944","68","1720"
"3945","108","1721"
"3946","26","1722"
"3947","14","1723"
"3948","42","1724"
"3949","42","1725"
"3950","42","1726"
"3951","26","1727"
"3952","34","1728"
"3953","182","1729"
"3954","30","1730"
"3955","42","1731"
"3956","9","1732"
"3957","7","1733"
"3958","31","1734"
"3959","14","1735"
"3960","14","1736"
"3961","14","1737"
"3962","71","1738"
"3963","108","1739"
"3964","5","1740"
"3965","58","1741"
"3966","10","1742"
"3967","10","1743"
"3968","7","1744"
"3969","34","1745"
"3970","10","1746"
"3971","10","1747"
"3972","7","1748"
"3973","14","1749"
"3974","14","1750"
"3975","14","1751"
"3976","51","1752"
"3977","54","1753"
"3978","184","1754"
"3979","184","1755"
"3980","184","1756"
"3981","184","1757"
"3982","184","1758"
"3984","184","1760"
"3985","184","1761"
"3986","184","1762"
"3987","184","1763"
"3988","184","1764"
"3989","184","1765"
"3990","184","1766"
"3991","184","1767"
"3992","184","1768"
"3993","184","1769"
"3994","184","1770"
"3995","184","1771"
"3996","184","1772"
"3997","184","1773"
"3998","184","1774"
"3999","184","1775"
"4000","184","1776"
"4001","184","1777"
"4002","82","1778"
"4003","14","1779"
"4004","15","1780"
"4005","22","1781"
"4007","22","1783"
"4008","23","1784"
"4009","42","1785"
"4010","57","1786"
"4011","181","1787"
"4012","92","1788"
"4013","15","1789"
"4014","21","1790"
"4015","12","1791"
"4016","10","1792"
"4017","42","1793"
"4018","89","1794"
"4019","22","1795"
"4020","26","1796"
"4021","5","1797"
"4022","5","1798"
"4023","185","1799"
"4024","185","1800"
"4025","185","1801"
"4026","185","1802"
"4027","185","1803"
"4028","112","1804"
"4029","42","1805"
"4030","10","1806"
"4031","10","1807"
"4032","7","1808"
"4033","207","1809"
"4034","48","1810"
"4035","86","1811"
"4036","22","1812"
"4037","70","1813"
"4038","25","1814"
"4039","10","1815"
"4040","26","1816"
"4041","10","1817"
"4042","10","1818"
"4043","78","1819"
"4044","10","1820"
"4045","42","1821"
"4046","80","1822"
"4047","103","1823"
"4049","14","1825"
"4050","24","1826"
"4051","34","1827"
"4052","42","1828"
"4053","78","1829"
"4054","90","1830"
"4055","257","1831"
"4056","22","1832"
"4057","22","1833"
"4058","48","1834"
"4059","108","1835"
"4060","42","1836"
"4061","89","1837"
"4062","10","1838"
"4063","57","1839"
"4064","10","1840"
"4065","10","1841"
"4066","103","1842"
"4067","9","1843"
"4068","26","1844"
"4069","61","1845"
"4070","34","1846"
"4071","34","1847"
"4072","22","1848"
"4073","137","1849"
"4074","89","1850"
"4075","112","1851"
"4076","110","1852"
"4077","187","1853"
"4078","187","1854"
"4079","187","1855"
"4080","187","1856"
"4081","26","1857"
"4082","23","1858"
"4083","23","1859"
"4084","10","1860"
"4085","5","1861"
"4086","89","1862"
"4087","89","1863"
"4088","78","1864"
"4089","10","1865"
"4090","7","1866"
"4091","85","1867"
"4092","85","1868"
"4093","85","1869"
"4094","21","1870"
"4095","72","1871"
"4096","9","1872"
"4097","61","1873"
"4098","116","1874"
"4099","42","1875"
"4100","37","1876"
"4101","15","1877"
"4102","101","1878"
"4103","83","1879"
"4105","26","1881"
"4106","51","1882"
"4107","47","1883"
"4108","9","1884"
"4109","80","1885"
"4110","161","1886"
"4111","5","1887"
"4112","113","1888"
"4113","78","1889"
"4114","113","1890"
"4115","26","1891"
"4116","14","1892"
"4117","15","1893"
"4118","15","1894"
"4119","31","1895"
"4120","27","1896"
"4121","20","1897"
"4122","20","1898"
"4123","20","1899"
"4124","20","1900"
"4125","20","1901"
"4126","20","1902"
"4127","20","1903"
"4128","20","1904"
"4129","20","1905"
"4130","20","1906"
"4131","20","1907"
"4132","20","1908"
"4133","20","1909"
"4134","20","1910"
"4135","20","1911"
"4136","20","1912"
"4137","20","1913"
"4138","20","1914"
"4139","20","1915"
"4140","20","1916"
"4141","20","1917"
"4142","20","1918"
"4143","20","1919"
"4144","20","1920"
"4145","20","1921"
"4146","20","1922"
"4147","20","1923"
"4148","20","1924"
"4149","20","1925"
"4150","20","1926"
"4151","20","1927"
"4152","20","1928"
"4153","20","1929"
"4154","20","1930"
"4155","20","1931"
"4156","20","1932"
"4157","20","1933"
"4158","20","1934"
"4159","20","1935"
"4160","20","1936"
"4161","20","1937"
"4162","20","1938"
"4163","20","1939"
"4164","20","1940"
"4165","20","1941"
"4166","20","1942"
"4167","20","1943"
"4168","20","1944"
"4169","20","1945"
"4170","20","1946"
"4171","20","1947"
"4172","20","1948"
"4173","20","1949"
"4174","20","1950"
"4175","20","1951"
"4176","20","1952"
"4177","20","1953"
"4178","20","1954"
"4179","20","1955"
"4180","20","1956"
"4181","20","1957"
"4182","20","1958"
"4183","20","1959"
"4184","20","1960"
"4185","20","1961"
"4186","20","1962"
"4187","20","1963"
"4188","20","1964"
"4189","20","1965"
"4190","20","1966"
"4191","20","1967"
"4192","20","1968"
"4193","20","1969"
"4194","20","1970"
"4195","20","1971"
"4196","20","1972"
"4197","20","1973"
"4198","20","1974"
"4199","20","1975"
"4200","20","1976"
"4201","20","1977"
"4202","20","1978"
"4203","20","1979"
"4204","20","1980"
"4205","20","1981"
"4206","20","1982"
"4207","20","1983"
"4208","20","1984"
"4209","20","1985"
"4210","20","1986"
"4211","20","1987"
"4212","20","1988"
"4213","20","1989"
"4214","20","1990"
"4215","20","1991"
"4216","20","1992"
"4217","20","1993"
"4218","20","1994"
"4219","20","1995"
"4220","20","1996"
"4221","20","1997"
"4222","20","1998"
"4223","20","1999"
"4224","20","2000"
"4225","20","2001"
"4226","20","2002"
"4227","20","2003"
"4228","20","2004"
"4229","20","2005"
"4230","20","2006"
"4231","20","2007"
"4232","20","2008"
"4233","20","2009"
"4234","20","2010"
"4235","20","2011"
"4236","15","2012"
"4237","83","2013"
"4238","14","2014"
"4239","22","2015"
"4240","264","2016"
"4241","68","2017"
"4242","15","2018"
"4243","89","2019"
"4244","89","2020"
"4245","24","2021"
"4246","37","2022"
"4247","207","2023"
"4248","10","2024"
"4249","10","2025"
"4250","10","2026"
"4251","137","2027"
"4252","89","2028"
"4253","196","2029"
"4254","75","2030"
"4255","181","2031"
"4256","116","2032"
"4257","63","2033"
"4258","63","2034"
"4259","63","2035"
"4260","63","2036"
"4261","68","2037"
"4262","34","2038"
"4263","34","2039"
"4264","34","2040"
"4265","80","2041"
"4266","14","2042"
"4267","14","2043"
"4268","119","2044"
"4269","14","2045"
"4270","189","2046"
"4271","189","2047"
"4272","189","2048"
"4273","189","2049"
"4274","189","2050"
"4275","189","2051"
"4276","189","2052"
"4277","101","2053"
"4278","143","2054"
"4279","15","2055"
"4280","10","2056"
"4281","104","2057"
"4282","22","2058"
"4283","53","2059"
"4284","14","2060"
"4285","196","2061"
"4286","89","2062"
"4287","42","2063"
"4288","14","2064"
"4289","166","2065"
"4290","72","2066"
"4291","10","2067"
"4292","92","2068"
"4293","89","2069"
"4294","78","2070"
"4295","1","2071"
"4296","48","2072"
"4297","101","2073"
"4298","177","2074"
"4299","15","2075"
"4300","22","2076"
"4301","26","2077"
"4302","22","2078"
"4303","14","2079"
"4304","26","2080"
"4305","23","2081"
"4306","207","2082"
"4307","116","2083"
"4308","104","2084"
"4309","68","2085"
"4310","83","2086"
"4311","92","2087"
"4312","75","2088"
"4313","75","2089"
"4314","89","2090"
"4315","15","2091"
"4316","8","2092"
"4317","42","2093"
"4318","281","2094"
"4319","10","2095"
"4320","10","2096"
"4321","250","2097"
"4322","26","2098"
"4323","7","2099"
"4324","108","2100"
"4325","71","2101"
"4326","25","2102"
"4327","71","2103"
"4328","22","2104"
"4329","112","2105"
"4331","22","2107"
"4332","15","2108"
"4333","22","2109"
"4334","196","2110"
"4335","22","2111"
"4336","14","2112"
"4337","26","2113"
"4338","116","2114"
"4339","83","2115"
"4340","42","2116"
"4341","250","2117"
"4342","60","2118"
"4343","60","2119"
"4344","116","2120"
"4345","68","2121"
"4346","113","2122"
"4347","28","2123"
"4348","28","2124"
"4349","22","2125"
"4350","22","2126"
"4351","83","2127"
"4352","26","2128"
"4353","61","2129"
"4354","63","2130"
"4355","63","2131"
"4356","29","2132"
"4357","196","2133"
"4358","5","2134"
"4359","63","2135"
"4360","22","2136"
"4361","22","2137"
"4362","14","2138"
"4363","9","2139"
"4364","123","2140"
"4365","43","2141"
"4366","86","2142"
"4367","196","2143"
"4368","10","2144"
"4369","7","2145"
"4370","42","2146"
"4371","68","2147"
"4372","42","2148"
"4373","26","2149"
"4374","85","2150"
"4375","63","2151"
"4376","59","2152"
"4377","14","2153"
"4378","70","2154"
"4379","34","2155"
"4380","80","2156"
"4381","89","2157"
"4382","28","2158"
"4383","28","2159"
"4384","26","2160"
"4385","103","2161"
"4386","86","2162"
"4387","103","2163"
"4388","9","2164"
"4389","143","2165"
"4390","49","2166"
"4391","10","2167"
"4392","190","2168"
"4393","181","2169"
"4394","9","2170"
"4395","22","2171"
"4396","53","2172"
"4397","22","2173"
"4398","108","2174"
"4399","6","2175"
"4400","6","2176"
"4401","6","2177"
"4402","6","2178"
"4403","34","2179"
"4404","7","2180"
"4405","26","2181"
"4406","191","2182"
"4407","191","2183"
"4408","191","2184"
"4409","191","2185"
"4410","191","2186"
"4411","14","2187"
"4412","89","2188"
"4413","42","2189"
"4414","42","2190"
"4415","42","2191"
"4416","140","2192"
"4417","86","2193"
"4418","57","2194"
"4419","76","2195"
"4420","208","2196"
"4421","208","2197"
"4422","29","2198"
"4423","58","2199"
"4424","90","2200"
"4425","116","2201"
"4426","22","2202"
"4427","22","2203"
"4428","76","2204"
"4429","108","2205"
"4430","76","2206"
"4431","14","2207"
"4432","76","2208"
"4433","22","2209"
"4434","22","2210"
"4435","26","2211"
"4436","26","2212"
"4437","14","2213"
"4438","16","2214"
"4439","22","2215"
"4440","14","2216"
"4441","54","2217"
"4442","76","2218"
"4443","76","2219"
"4444","19","2220"
"4445","19","2221"
"4446","168","2222"
"4447","63","2223"
"4448","100","2224"
"4449","100","2225"
"4450","41","2226"
"4451","22","2227"
"4452","22","2228"
"4453","42","2229"
"4454","19","2230"
"4456","116","2232"
"4457","22","2233"
"4458","22","2234"
"4459","22","2235"
"4460","19","2236"
"4461","76","2237"
"4462","76","2238"
"4463","76","2239"
"4464","22","2240"
"4465","196","2241"
"4467","26","2243"
"4469","14","120"
"4470","14","121"
"4471","14","122"
"4472","14","123"
"4473","22","184"
"4474","14","394"
"4476","14","421"
"4477","14","446"
"4478","14","626"
"4479","22","649"
"4480","14","654"
"4481","14","673"
"4482","14","779"
"4483","14","939"
"4484","14","947"
"4485","14","960"
"4486","14","971"
"4487","14","972"
"4488","14","1001"
"4489","14","1012"
"4490","14","1013"
"4491","14","1045"
"4492","14","1046"
"4493","14","1162"
"4494","14","1203"
"4495","14","1204"
"4496","14","1206"
"4497","14","1340"
"4498","14","1429"
"4499","14","1430"
"4500","22","1453"
"4501","14","1480"
"4502","14","1486"
"4503","14","1487"
"4504","22","1550"
"4505","14","1617"
"4506","14","1688"
"4507","14","1832"
"4508","14","1833"
"4509","14","1848"
"4510","14","2015"
"4511","14","2058"
"4512","14","2104"
"4514","14","2107"
"4515","14","2125"
"4516","14","2126"
"4517","14","2137"
"4518","14","2171"
"4519","14","2173"
"4520","14","2215"
"4521","14","2227"
"4522","14","2242"
"4525","103","440"
"4526","22","1007"
"4527","70","1164"
"4528","103","1530"
"4529","103","1531"
"4531","9","1575"
"4532","2","3"
"4534","207","2264"
"4535","68","2265"
"4536","199","2266"
"4537","199","2267"
"4538","199","2268"
"4539","15","2269"
"4540","7","2270"
"4541","7","2271"
"4542","103","2359"
"4545","42","2360"
"4546","34","2361"
"4547","24","2362"
"4548","34","2363"
"4549","104","2363"
"4550","34","2364"
"4551","10","2365"
"4552","201","2366"
"4553","75","2367"
"4554","49","2368"
"4555","15","2369"
"4556","10","2369"
"4557","7","2370"
"4558","14","2371"
"4559","15","2372"
"4560","10","2373"
"4561","49","2374"
"4562","70","2375"
"4563","61","2376"
"4564","49","2377"
"4565","203","2378"
"4566","68","2379"
"4567","75","2380"
"4568","59","2381"
"4569","70","2382"
"4570","19","2383"
"4571","89","2384"
"4572","93","2385"
"4573","68","2386"
"4574","61","2387"
"4575","23","2388"
"4576","203","2389"
"4577","34","2390"
"4578","15","2391"
"4579","68","2392"
"4580","78","2392"
"4581","59","2393"
"4582","134","2394"
"4583","89","2394"
"4584","51","2395"
"4585","80","2396"
"4586","199","2397"
"4587","68","2398"
"4588","207","2399"
"4589","255","2400"
"4590","281","2401"
"4591","68","2402"
"4592","251","2402"
"4594","42","2404"
"4595","26","2405"
"4596","68","2406"
"4597","201","2407"
"4598","213","2408"
"4599","255","2409"
"4600","90","2410"
"4601","9","2411"
"4602","10","2412"
"4603","42","2413"
"4604","25","2414"
"4605","42","2414"
"4606","68","2415"
"4607","134","2416"
"4608","89","2416"
"4609","3","2417"
"4610","142","2418"
"4611","23","2419"
"4612","143","2419"
"4613","68","2420"
"4614","23","2421"
"4615","143","2421"
"4616","41","2422"
"4617","71","2423"
"4618","216","2423"
"4619","213","2424"
"4620","31","2426"
"4621","134","2425"
"4625","29","2427"
"4626","26","2429"
"4627","29","2428"
"4629","218","2430"
"4630","207","2431"
"4631","92","2432"
"4632","159","2433"
"4633","15","2434"
"4634","86","2435"
"4635","9","2436"
"4636","77","2437"
"4637","26","2438"
"4638","10","2439"
"4639","75","2440"
"4640","42","2441"
"4641","226","2442"
"4642","53","2443"
"4643","7","2444"
"4646","15","2445"
"4650","252","2446"
"4651","226","2447"
"4653","63","2448"
"4655","81","2450"
"4656","92","2451"
"4657","116","2451"
"4658","75","2453"
"4659","14","2453"
"4660","14","2454"
"4661","34","2452"
"4662","230","2452"
"4663","42","2455"
"4664","34","2456"
"4665","24","2457"
"4667","15","2459"
"4668","31","2458"
"4671","41","2462"
"4672","80","2461"
"4673","15","2461"
"4674","41","2463"
"4675","2","2465"
"4676","142","2466"
"4678","92","2464"
"4679","42","2464"
"4681","22","2467"
"4682","216","2468"
"4683","90","2469"
"4684","207","2470"
"4685","92","2471"
"4686","68","2471"
"4687","77","2471"
"4688","68","2472"
"4689","238","2473"
"4690","237","2473"
"4691","null","2473"
"4692","34","2474"
"4693","80","2474"
"4694","92","2475"
"4696","92","2476"
"4697","86","2476"
"4698","92","2477"
"4699","78","2478"
"4700","7","2479"
"4701","80","2479"
"4702","15","2480"
"4703","281","2481"
"4704","10","2482"
"4705","63","2482"
"4706","7","2483"
"4707","90","2483"
"4708","104","2484"
"4710","158","2485"
"4712","72","2487"
"4713","255","2488"
"4714","10","2489"
"4715","63","2489"
"4716","25","2492"
"4717","42","2492"
"4719","59","2493"
"4720","238","2493"
"4721","134","2494"
"4722","104","2494"
"4723","10","2495"
"4724","63","2495"
"4725","68","2495"
"4726","207","2496"
"4728","142","2497"
"4729","10","2498"
"4730","89","2499"
"4731","41","2499"
"4732","10","2500"
"4734","10","2501"
"4735","15","2501"
"4736","42","2502"
"4737","31","2502"
"4738","10","2503"
"4739","92","2504"
"4740","34","2504"
"4742","49","2505"
"4743","70","2506"
"4745","90","2507"
"4746","51","2508"
"4747","249","2511"
"4748","249","2512"
"4749","10","2513"
"4750","63","2513"
"4751","15","2513"
"4752","252","2514"
"4753","25","2515"
"4754","42","2515"
"4755","53","1821"
"4756","53","1731"
"4757","14","40"
"4758","14","41"
"4759","90","613"
"4760","75","1255"
"4761","38","676"
"4762","116","441"
"4763","121","2517"
"4765","22","1513"
"4766","140","503"
"4767","115","1448"
"4768","75","213"
"4769","14","1140"
"4770","75","320"
"4771","75","750"
"4772","140","901"
"4773","10","172"
"4774","10","915"
"4775","23","1886"
"4776","90","796"
"4777","90","1573"
"4778","42","1127"
"4779","140","1778"
"4780","7","1531"
"4781","7","1530"
"4782","42","1606"
"4783","42","2518"
"4785","41","2519"
"4786","89","2519"
"4787","21","1234"
"4788","42","1525"
"4789","143","2130"
"4790","22","78"
"4791","22","1518"
"4792","140","188"
"4793","61","1014"
"4794","34","684"
"4795","116","1536"
"4796","75","415"
"4797","14","1707"
"4798","76","770"
"4799","166","1585"
"4800","21","1615"
"4801","42","2520"
"4802","10","2521"
"4803","10","2522"
"4804","89","1007"
"4805","116","1200"
"4806","14","193"
"4807","116","826"
"4808","26","382"
"4809","26","851"
"4810","10","902"
"4811","196","2186"
"4812","26","661"
"4813","26","1547"
"4814","26","1584"
"4815","26","2122"
"4816","26","349"
"4817","5","381"
"4818","89","789"
"4820","26","1548"
"4821","26","1659"
"4822","26","1888"
"4823","26","1890"
"4824","26","2065"
"4825","26","2133"
"4826","210","2411"
"4827","7","670"
"4828","14","731"
"4829","251","1681"
"4830","14","1590"
"4831","103","2270"
"4832","103","2271"
"4833","103","622"
"4834","103","2370"
"4835","47","1060"
"4836","207","152"
"4837","254","918"
"4838","254","920"
"4839","10","2460"
"4840","53","1867"
"4841","53","1868"
"4842","53","1869"
"4843","53","2150"
"4844","5","2477"
"4845","253","2518"
"4846","141","1454"
"4847","140","2523"
"4848","5","1260"
"4849","53","2449"
"4850","26","2407"
"4851","104","2469"
"4852","10","2432"
"4853","90","2460"
"4854","255","2135"
"4855","63","2471"
"4856","68","2475"
"4857","5","1788"
"4858","10","2504"
"4859","90","2442"
"4860","251","2436"
"4861","106","2388"
"4862","104","2524"
"4863","61","2525"
"4864","134","2526"
"4865","71","2527"
"4867","25","2528"
"4868","61","2529"
"4869","104","2530"
"4870","250","2531"
"4871","61","2532"
"4872","49","2533"
"4873","76","2534"
"4874","76","2535"
"4875","104","2536"
"4876","104","2537"
"4877","49","2538"
"4878","257","2540"
"4879","38","2540"
"4880","134","2542"
"4881","76","2544"
"4882","61","2546"
"4883","34","2549"
"4884","72","2551"
"4885","14","2551"
"4886","14","2552"
"4887","14","2553"
"4888","104","2554"
"4889","104","2555"
"4890","134","2556"
"4891","134","2557"
"4892","134","2558"
"4893","254","2496"
"4894","103","2559"
"4895","7","2559"
"4898","9","2564"
"4899","61","2565"
"4900","104","2566"
"4901","255","2567"
"4902","103","2568"
"4903","104","2569"
"4904","207","2570"
"4905","104","2571"
"4906","71","2572"
"4907","42","2573"
"4908","104","2574"
"4909","61","2575"
"4910","104","2576"
"4911","71","2577"
"4912","10","2578"
"4913","104","2579"
"4914","104","2580"
"4915","9","2581"
"4916","104","2582"
"4917","92","2583"
"4918","10","2583"
"4919","7","2584"
"4920","116","2584"
"4921","7","2585"
"4922","116","2585"
"4923","7","2586"
"4924","10","2587"
"4925","140","2588"
"4927","89","1696"
"4928","61","2589"
"4929","14","2032"
"4930","14","929"
"4931","14","339"
"4932","14","340"
"4933","14","35"
"4934","14","788"
"4935","14","698"
"4936","14","1706"
"4937","14","1125"
"4938","14","1593"
"4939","14","124"
"4940","14","341"
"4941","14","1595"
"4942","14","1596"
"4943","7","2590"
"4944","103","2590"
"4945","142","2591"
"4946","61","2591"
"4947","258","2592"
"4948","249","2595"
"4949","249","2594"
"4950","31","2594"
"4951","249","2597"
"4952","31","2597"
"4953","249","2598"
"4954","92","2599"
"4955","5","2599"
"4957","24","1326"
"4958","197","1209"
"4959","24","126"
"4960","24","1665"
"4961","197","1638"
"4962","53","1603"
"4963","29","1186"
"4964","255","1831"
"4965","38","793"
"4966","5","1568"
"4967","90","1544"
"4968","259","2601"
"4969","9","2601"
"4970","26","2602"
"4971","14","952"
"4972","14","1193"
"4973","138","82"
"4974","128","1639"
"4975","14","799"
"4977","14","801"
"4978","90","743"
"4979","42","1146"
"4980","116","228"
"4981","90","822"
"4982","90","821"
"4983","90","34"
"4984","181","1170"
"4985","90","640"
"4986","90","639"
"4987","90","1468"
"4988","14","342"
"4989","14","1473"
"4990","116","334"
"4991","116","1171"
"4992","90","784"
"4993","90","1735"
"4994","15","871"
"4995","42","1285"
"4996","89","864"
"4997","218","865"
"4998","15","1352"
"4999","12","1310"
"5000","12","2064"
"5001","12","1674"
"5002","12","1749"
"5003","12","2138"
"5004","12","861"
"5005","12","860"
"5006","113","1779"
"5007","12","1116"
"5008","12","726"
"5009","7","660"
"5010","15","2603"
"5011","42","2603"
"5012","10","2604"
"5013","10","2605"
"5014","134","2605"
"5015","89","745"
"5016","179","2608"
"5017","42","426"
"5018","42","793"
"5019","21","189"
"5020","14","189"
"5021","104","212"
"5022","81","2612"
"5023","271","2613"
"5024","272","2613"
"5025","196","2613"
"5026","271","2614"
"5027","272","2614"
"5028","196","2614"
"5029","31","2615"
"5030","273","2616"
"5031","42","2616"
"5032","196","2617"
"5033","9","2618"
"5034","116","2619"
"5035","116","2620"
"5036","116","2621"
"5037","116","2622"
"5038","116","2623"
"5039","116","2624"
"5041","134","2625"
"5042","134","2626"
"5043","104","2626"
"5044","284","2628"
"5045","7","2629"
"5046","103","2629"
"5047","108","2630"
"5048","5","2631"
"5049","104","2632"
"5052","275","2633"
"5054","275","2634"
"5055","10","2635"
"5057","275","2636"
"5059","275","2637"
"5060","104","2638"
"5061","238","2638"
"5063","275","2639"
"5065","275","2640"
"5067","275","2641"
"5069","275","2642"
"5071","275","2644"
"5072","104","2645"
"5073","277","2646"
"5074","86","2647"
"5075","104","2647"
"5076","278","2648"
"5077","284","2649"
"5078","271","2650"
"5079","272","2650"
"5080","10","2651"
"5081","61","2651"
"5082","10","2652"
"5083","280","2652"
"5084","90","2654"
"5087","255","2657"
"5088","216","2657"
"5089","71","2657"
"5090","59","2658"
"5091","15","2659"
"5092","59","2659"
"5093","284","2660"
"5094","15","2661"
"5095","59","2661"
"5096","170","2662"
"5097","15","2662"
"5099","46","2663"
"5100","257","2664"
"5101","255","2664"
"5102","7","1620"
"5103","115","2087"
"5104","282","2094"
"5105","250","1279"
"5106","250","1280"
"5107","250","1281"
"5108","10","2481"
"5109","7","436"
"5110","89","664"
"5111","22","412"
"5112","14","412"
"5113","253","620"
"5114","10","2401"
"5115","26","345"
"5116","31","2068"
"5117","80","1504"
"5120","21","2552"
"5121","23","2668"
"5122","134","2669"
"5123","104","2669"
"5125","275","2670"
"5126","75","2671"
"5127","42","2672"
"5128","10","2673"
"5129","15","2673"
"5130","42","2674"
"5131","42","2675"
"5132","24","2675"
"5133","42","2676"
"5134","284","2677"
"5135","216","2678"
"5136","9","180"
"5137","3","2679"
"5138","142","2672"
"5139","275","2656"
"5140","23","2459"
"5141","281","2680"
"5142","10","2680"
"5143","46","2681"
"5144","46","2682"
"5145","46","2683"
"5146","46","2684"
"5147","108","2685"
"5148","108","2685"
"5149","196","2686"
"5150","12","2687"
"5151","10","2688"
"5152","10","2689"
"5153","7","2689"
"5154","10","2690"
"5155","7","2690"
"5156","10","2693"
"5157","10","2695"
"5158","10","2696"
"5159","63","2696"
"5160","10","2697"
"5161","51","2697"
"5162","10","2698"
"5163","15","2699"
"5164","10","2699"
"5165","10","2700"
"5166","103","2700"
"5167","238","2700"
"5168","10","2701"
"5169","92","2702"
"5170","14","336"
"5171","103","2703"
"5172","103","2704"
"5173","103","2705"
"5174","103","2706"
"5175","103","2707"
"5176","103","2708"
"5177","28","2686"
"5178","103","2689"
"5179","103","2690"
"5182","59","2711"
"5185","59","2714"
"5186","15","2716"
"5187","78","2717"
"5188","152","2718"
"5189","10","2718"
"5190","15","2719"
"5191","152","2719"
"5192","15","2720"
"5193","9","2722"
"5194","9","2723"
"5195","23","2724"
"5196","21","2725"
"5197","116","1876"
"5198","249","2726"
"5199","255","2727"
"5200","26","2728"
"5201","255","2729"
"5202","257","2730"
"5203","255","2730"
"5204","255","2731"
"5205","257","2732"
"5206","257","2733"
"5207","77","2734"
"5208","51","2734"
"5209","255","2735"
"5210","257","2736"
"5211","255","2736"
"5212","255","2737"
"5213","92","2738"
"5214","255","2738"
"5215","255","2739"
"5216","255","2740"
"5217","103","2741"
"5218","15","2742"
"5219","29","2743"
"5220","5","2745"
"5221","257","2746"
"5222","255","2746"
"5223","281","2747"
"5224","5","2747"
"5225","201","2749"
"5226","90","2752"
"5227","226","2753"
"5228","226","2755"
"5229","226","2757"
"5230","12","2758"
"5231","14","2758"
"5232","23","2759"
"5233","23","2760"
"5234","23","2761"
"5235","23","2762"
"5236","23","2763"
"5237","23","2764"
"5238","23","2765"
"5239","10","2766"
"5240","10","2767"
"5241","10","2768"
"5242","286","2770"
"5243","15","2771"
"5245","71","2772"
"5246","71","2773"
"5247","23","2774"
"5248","23","2775"
"5249","143","2776"
"5250","216","2777"
"5251","10","2778"
"5252","187","2778"
"5253","26","2780"
"5254","276","2781"
"5255","30","2782"
"5256","287","2784"
"5257","63","2784"
"5258","89","2784"
"5259","255","2785"
"5260","15","2786"
"5261","216","2786"
"5262","68","2787"
"5263","78","2787"
"5264","152","2788"
"5265","86","2788"
"5266","10","2789"
"5267","26","2790"
"5268","75","2791"
"5269","59","2792"
"5270","51","2792"
"5271","271","2792"
"5272","216","2793"
"5273","61","2794"
"5274","49","2794"
"5275","61","2795"
"5276","49","2795"
"5277","10","2796"
"5278","15","2796"
"5279","80","2797"
"5280","216","2798"
"5281","71","2798"
"5282","15","2799"
"5283","10","2800"
"5284","15","2801"
"5285","292","2802"
"5286","207","2803"
"5287","68","2804"
"5294","15","2807"
"5297","21","2810"
"5298","81","884"
"5299","26","2811"
"5300","15","2811"
"5301","59","2811"
"5302","15","2812"
"5329","21","2813"
"5330","21","2814"
"5331","15","2815"
"5332","21","2817"
"5333","92","2818"
"5334","116","2818"
"5335","90","2826"
"5336","216","2826"
"5337","10","2827"
"5338","10","2828"
"5339","293","2830"
"5340","15","2831"
"5341","42","2832"
"5342","294","2833"
"5343","295","2834"
"5345","10","2836"
"5346","7","2836"
"5347","15","2836"
"5348","137","2838"
"5349","72","2839"
"5350","59","2840"
"5351","59","2841"
"5352","42","2842"
"5353","255","2842"
"5354","23","2843"
"5355","271","2843"
"5356","92","2844"
"5357","296","2844"
"5358","278","2844"
"5359","297","2845"
"5360","299","2845"
"5361","147","2846"
"5362","51","2847"
"5363","201","2702"
"5364","14","2848"
"5365","63","2848"
"5366","47","2849"
"5367","15","2849"
"5368","10","2850"
"5369","7","2850"
"5370","92","2851"
"5371","201","2851"
"5372","255","2853"
"5373","300","2854"
"5374","26","2854"
"5375","92","2855"
"5376","5","2855"
"5377","51","2856"
"5378","92","2857"
"5379","201","2857"
"5380","210","2858"
"5381","90","2859"
"5382","301","2859"
"5383","10","2860"
"5384","42","2861"
"5385","302","2861"
"5386","255","2862"
"5387","29","2863"
"5388","271","2864"
"5389","286","2864"
"5390","29","2865"
"5391","104","2865"
"5392","34","2866"
"5393","92","2867"
"5394","68","2867"
"5395","257","2868"
"5396","10","2868"
"5397","34","2869"
"5398","213","2870"
"5399","59","2871"
"5400","86","2871"
"5401","303","2872"
"5402","304","2872"
"5403","63","2873"
"5404","142","2876"
"5405","42","2876"
"5406","21","2878"
"5407","78","2879"
"5408","77","2879"
"5409","7","2880"
"5410","216","2880"
"5411","10","2881"
"5412","141","2882"
"5413","21","2883"
"5414","216","2884"
"5415","22","2884"
"5416","22","2885"
"5417","22","2886"
"5418","22","2887"
"5419","22","2888"
"5420","305","2888"
"5421","305","2884"
"5422","305","2885"
"5423","305","2886"
"5424","305","2887"
"5425","257","2889"
"5426","10","2889"
"5427","306","2889"
"5428","41","2890"
"5429","15","2890"
"5430","42","2890"
"5431","10","2891"
"5432","41","2891"
"5433","42","2891"
"5434","10","2892"
"5435","15","2892"
"5436","15","2893"
"5437","10","2893"
"5438","75","2893"
"5439","286","2894"
"5440","81","2894"
"5441","51","2895"
"5442","22","2895"
"5443","23","2896"
"5444","307","2896"
"5445","10","2897"
"5446","63","2897"
"5447","89","2897"
"5448","63","2898"
"5449","196","2898"
"5450","216","2898"
"5451","257","2899"
"5452","63","2899"
"5453","307","2900"
"5454","23","2900"
"5455","271","2901"
"5456","286","2901"
"5457","33","2902"
"5458","10","2903"
"5459","63","2903"
"5460","23","2903"
"5461","196","2904"
"5462","271","2904"
"5463","3","2905"
"5464","134","2905"
"5465","210","2906"
"5466","15","2907"
"5467","23","2908"
"5468","23","2909"
"5469","23","2910"
"5470","34","2911"
"5471","15","2911"
"5472","51","2912"
"5473","22","2913"
"5474","303","2913"
"5475","216","2914"
"5476","216","2915"
"5477","63","2916"
"5478","10","2916"
"5479","305","2917"
"5480","null","2917"
"5481","14","2918"
"5482","201","2919"
"5483","14","2920"
"5484","308","2920"
"5485","309","2922"
"5486","null","2922"
"5487","10","2923"
"5488","63","2923"
"5489","59","2924"
"5490","81","2924"
"5491","null","2924"
"5492","116","2925"
"5493","22","2925"
"5494","305","2926"
"5495","90","2927"
"5496","310","2927"
"5497","90","2928"
"5498","305","2928"
"5499","311","2929"
"5500","148","2930"
"5501","68","2932"
"5502","89","2932"
"5503","41","2933"
"5504","216","2935"
"5505","68","2935"
"5506","238","2936"
"5507","68","2936"
"5508","116","2937"
"5509","89","2937"
"5510","89","2938"
"5511","68","2939"
"5512","71","2939"
"5513","68","2940"
"5514","210","2941"
"5515","68","2942"
"5516","89","2942"
"5517","22","2929"
"5518","312","2943"
"5519","312","2944"
"5520","76","2945"
"5521","116","2945"
"5522","90","2946"
"5523","15","2947"
"5524","207","2948"
"5525","78","2949"
"5526","77","2949"
"5527","68","2950"
"5528","106","2951"
"5529","30","2952"
"5530","104","2952"
"5531","313","2953"
"5532","297","2954"
"5533","314","2954"
"5534","103","2955"
"5535","42","2956"
"5536","116","2957"
"5537","104","2958"
"5538","42","2959"
"5539","42","2960"
"5540","216","2961"
"5541","315","2965"
"5542","23","2965"
"5543","297","2966"
"5544","314","2966"
"5545","23","2967"
"5546","150","2967"
"5547","106","2967"
"5548","80","2969"
"5549","152","2969"
"5550","5","2969"
"5551","15","2970"
"5552","271","2971"
"5553","72","2972"
"5554","142","2973"
"5555","10","2973"
"5556","14","2974"
"5557","316","2974"
"5558","14","2975"
"5559","316","2975"
"5560","10","2976"
"5561","10","2977"
"5562","253","2977"
"5563","305","2978"
"5564","10","2978"
"5565","271","2979"
"5566","15","2979"
"5567","10","2980"
"5568","210","2981"
"5569","10","2981"
"5570","10","2982"
"5571","103","2982"
"5572","10","2983"
"5573","10","2984"
"5574","15","2984"
"5575","10","2985"
"5576","10","2986"
"5577","10","2987"
"5578","103","2987"
"5579","15","2987"
"5580","10","2988"
"5581","103","2989"
"5582","10","2993"
"5583","15","2994"
"5584","317","2994"
"5585","21","2655"
"5586","137","2655"
"5587","21","2875"
"5588","137","2875"
"5589","7","967"
"5590","76","2934"
"5591","226","2756"
"5592","26","2396"
"5593","318","2995"
"5594","319","2996"
"5595","141","2996"
"5596","103","1165"
"5597","78","2997"
"5598","77","2997"
"5599","21","2998"
"5600","320","2999"
"5601","81","3000"
"5602","321","3000"
"5603","322","3001"
"5604","80","3002"
"5605","15","3002"
"5606","23","3003"
"5607","323","3004"
"5608","59","3005"
"5609","7","3006"
"5610","282","3006"
"5611","226","3007"
"5612","30","3007"
"5613","216","3008"
"5614","41","3008"
"5615","250","3011"
"5616","116","3012"
"5617","216","3012"
"5618","324","3013"
"5619","325","3014"
"5620","116","3015"
"5621","1","3015"
"5622","326","3016"
"5623","23","3017"
"5624","23","3018"
"5625","23","3019"
"5626","15","3020"
"5627","226","3021"
"5628","327","3022"
"5629","140","3023"
"5630","10","3024"
"5631","10","3025"
"5633","328","3026"
"5634","226","3026"
"5635","25","3027"
"5636","329","3027"
"5637","330","3027"
"5638","15","3028"
"5639","59","3028"
"5640","331","3029"
"5641","68","3029"
"5642","329","3029"
"5644","10","3030"
"5645","15","3030"
"5646","332","3031"
"5647","23","3031"
"5648","307","3032"
"5649","51","3032"
"5650","80","3033"
"5651","80","3034"
"5652","333","3035"
"5653","15","3036"
"5654","152","3037"
"5655","76","3039"
"5656","116","3039"
"5657","15","3038"
"5658","15","3040"
"5659","10","3040"
"5660","15","3041"
"5661","10","3041"
"5662","152","3042"
"5663","10","3042"
"5664","152","3043"
"5665","81","3043"
"5666","10","3043"
"5667","207","3044"
"5668","254","3044"
"5669","10","3044"
"5670","106","3045"
"5671","251","3046"
"5672","61","3047"
"5673","61","3048"
"5674","80","3049"
"5675","80","3050"
"5676","15","3051"
"5677","15","3052"
"5678","86","3053"
"5679","152","3053"
"5680","51","3054"
"5681","51","3055"
"5682","334","3056"
"5683","15","3057"
"5684","318","3058"
"5685","47","3059"
"5686","10","3059"
"5687","68","3062"
"5688","106","3063"
"5689","335","3064"
"5690","335","3065"
"5691","15","3066"
"5692","276","3067"
"5693","null","3067"
"5694","336","3068"
"5695","30","3068"
"5696","30","3069"
"5697","210","3070"
"5698","337","3071"
"5699","14","3072"
"5700","316","3072"
"5701","316","3073"
"5702","14","3073"
"5703","30","2783"
"5704","238","328"
"5705","7","3074"
"5706","7","3075"
"5707","103","3075"
"5708","7","3076"
"5709","103","3076"
"5710","286","3077"
"5711","286","3078"
"5712","286","3082"
"5713","26","3083"
"5714","26","3084"
"5715","26","3085"
"5716","26","3086"
"5717","26","3087"
"5718","26","3088"
"5719","286","3088"
"5720","26","3089"
"5721","26","3090"
"5722","338","3091"
"5723","42","3091"
"5724","40","3092"
"5725","68","3092"
"5726","68","3093"
"5727","89","3093"
"5728","92","3094"
"5729","286","3094"
"5730","147","null"
"5731","147","null"
"5732","286","3082"
"5733","116","3095"
"5734","103","3096"
"5735","10","3096"
"5736","339","3097"
"5737","78","3098"
"5738","77","3098"
"5739","42","3099"
"5740","25","3099"
"5741","42","3100"
"5742","25","3100"
"5743","null","3101"
"5744","41","3101"
"5745","141","3102"
"5746","14","3102"
"5747","42","3105"
"5748","25","3105"
"5749","320","3106"
"5750","42","3107"
"5751","25","3107"
"5752","216","3108"
"5753","340","3108"
"5754","318","3110"
"5755","319","3111"
"5756","90","3111"
"5757","26","3112"
"5758","286","3112"
"5759","13","3114"
"5760","112","3115"
"5761","5","3116"
"5762","226","3117"
"5763","272","3118"
"5764","75","3119"
"5765","340","3122"
"5766","68","3125"
"5767","216","3126"
"5768","68","3127"
"5769","286","3128"
"5770","71","3130"
"5771","null","null"
"5772","23","3132"
"5773","63","3133"
"5774","68","3133"
"5775","63","3134"
"5776","23","3135"
"5777","286","3136"
"5778","29","3138"
"5779","null","null"
"5780","332","3140"
"5781","216","3140"
"5782","286","3141"
"5783","21","3142"
"5784","226","3143"
"5785","21","3143"
"5786","21","3144"
"5787","226","3143"
"5788","317","3143"
"5789","21","3142"
"5790","170","3146"
"5791","null","3146"
"5792","170","3147"
"5793","196","3148"
"5794","216","3148"
"5795","341","3149"
"5796","294","3150"
"5797","342","3151"
"5798","68","3152"
"5799","3","3152"
"5800","106","3153"
"5801","23","3153"
"5802","106","3154"
"5803","343","3155"
"5804","286","3156"
"5805","226","3159"
"5806","10","3160"
"5807","80","3161"
"5808","23","3162"
"5809","23","3163"
"5810","300","3164"
"5811","344","3164"
"5812","41","3165"
"5813","340","3167"
"5814","216","3167"
"5815","41","3165"
"5816","345","3168"
"5817","7","3169"
"5818","103","3169"
"5819","7","3170"
"5820","342","3170"
"5821","42","3171"
"5822","345","3172"
"5823","346","3173"
"5824","42","3174"
"5825","40","3174"
"5826","15","2807"
"5827","286","3175"
"5828","15","3002"
"5829","15","3028"
"5830","347","3176"
"5831","159","3177"
"5832","347","3178"
"5833","null","3178"
"5834","348","3179"
"5835","68","3180"
"5836","342","3180"
"5837","159","3181"
"5838","10","3182"
"5839","294","3183"
"5840","257","3184"
"5841","81","3184"
"5842","68","3185"
"5843","10","3186"
"5844","349","3186"
"5845","7","3187"
"5846","7","3188"
"5847","350","3189"
"5848","152","3190"
"5849","342","3191"
"5850","350","3192"
"5851","15","3192"
"5852","351","3193"
"5853","80","3194"
"5854","342","3195"
"5855","80","3196"
"5856","81","3197"
"5857","321","3197"
"5858","104","3198"
"5859","210","3199"
"5860","108","3200"
"5861","143","3201"
"5862","342","3202"
"5863","10","3203"
"5864","80","3204"
"5865","15","3205"
"5866","80","3206"
"5867","49","3206"
"5868","352","3207"
"5869","305","3208"
"5870","15","3209"
"5871","286","3210"
"5872","286","3211"
"5873","196","3212"
"5874","353","3212"
"5875","196","3213"
"5876","354","3213"
"5877","196","3214"
"5878","271","3214"
"5879","354","3214"
"5880","196","3215"
"5881","355","3215"
"5882","353","3216"
"5883","68","3217"
"5884","61","3218"
"5885","321","3219"
"5886","342","3220"
"5887","317","3221"
"5888","353","3221"
"5889","356","3222"
"5890","80","3223"
"5891","353","3223"
"5892","286","3224"
"5893","86","3224"
"5894","61","3225"
"5895","89","3226"
"5896","29","3226"
"5897","297","3227"
"5898","356","3228"
"5899","196","3229"
"5900","353","3229"
"5901","357","3230"
"5902","14","3231"
"5903","317","3231"
"5904","15","3232"
"5905","358","3233"
"5906","68","3234"
"5907","10","3235"
"5908","61","3236"
"5909","10","3237"
"5910","359","3238"
"5911","15","3239"
"5912","81","3239"
"5913","92","3240"
"5914","77","3240"
"5915","353","3240"
"5916","23","3241"
"5917","271","3245"
"5918","354","3246"
"5919","143","3247"
"5920","257","3248"
"5921","81","3248"
"5922","360","3249"
"5923","361","3249"
"5924","10","3250"
"5925","339","3250"
"5926","42","3251"
"5927","142","3251"
"5928","134","3252"
"5929","362","3252"
"5930","63","3255"
"5931","10","3256"
"5932","63","3256"
"5933","10","3257"
"5934","343","3257"
"5935","103","3257"
"5936","80","3257"
"5937","10","3258"
"5938","363","3258"
"5939","10","3259"
"5940","363","3259"
"5941","10","3260"
"5942","7","3260"
"5943","364","3260"
"5944","365","3261"
"5945","365","3262"
"5946","318","3264"
"5947","10","3265"
"5948","366","3266"
"5949","313","3267"
"5950","70","3267"
"5951","7","3268"
"5952","5","3268"
"5953","367","3269"
"5954","23","3270"
"5955","23","3271"
"5956","23","3272"
"5957","368","3273"
"5958","196","3273"
"5959","116","3274"
"5960","116","3275"
"5961","75","2453"
"5962","5","2453"
"5963","21","1170"
"5964","282","1170"
"5965","141","3277"
"5966","14","3277"
"5967","10","3279"
"5968","253","3279"
"5969","68","3279"
"5970","10","3280"
"5972","369","3284"
"5973","370","3284"
"5974","365","3285"
"5975","210","3287"
"5976","226","3287"
"5977","343","3288"
"5978","90","3288"
"5979","343","3289"
"5980","90","3289"
"5981","23","3290"
"5982","363","3291"
"5983","80","3291"
"5984","329","3292"
"5985","329","3293"
"5986","329","3294"
"5987","null","3294"
"5988","329","3296"
"5989","329","3297"
"5990","329","3298"
"5991","371","3299"
"5992","286","3300"
"5993","353","3300"
"5994","372","3301"
"5995","68","3302"
"5996","343","3303"
"5997","140","3304"
"5998","373","3305"
"5999","327","3305"
"6000","373","3306"
"6001","327","3306"
"6002","374","3307"
"6003","342","3308"
"6004","147","3310"
"6005","147","3311"
"6006","329","3312"
"6007","42","3313"
"6008","366","3314"
"6009","329","3315"
"6010","14","3315"
"6011","10","3317"
"6012","321","3317"
"6013","363","3318"
"6014","21","3318"
"6015","80","3319"
"6016","80","3319"
"6017","10","3320"
"6018","81","3320"
"6019","null","3320"
"6020","10","3321"
"6021","15","3321"
"6022","7","3321"
"6023","353","3321"
"6024","10","3322"
"6025","7","3322"
"6026","15","3322"
"6027","353","3322"
"6028","375","3323"
"6029","318","3324"
"6030","342","3325"
"6031","14","3325"
"6032","15","3327"
"6033","375","3327"
"6034","316","3327"
"6035","10","3327"
"6036","10","3328"
"6037","10","3329"
"6038","89","3329"
"6039","80","3329"
"6040","21","3329"
"6041","343","3329"
"6042","376","3329"
"6043","7","3330"
"6044","103","3330"
"6045","77","3331"
"6046","78","3331"
"6047","80","3332"
"6048","353","3332"
"6049","363","3333"
"6050","377","3333"
"6051","26","3334"
"6052","329","3334"
"6053","226","3335"
"6054","226","3336"
"6055","271","3337"
"6056","196","3337"
"6057","342","3339"
"6058","80","3339"
"6059","317","3340"
"6060","342","3340"
"6061","92","3341"
"6062","21","3341"
"6063","374","3341"
"6064","317","3341"
"6065","22","3341"
"6066","5","3342"
"6067","353","3342"
"6068","28","3343"
"6069","15","3344"
"6070","316","3345"
"6071","365","3345"
"6072","80","3346"
"6073","306","3347"
"6074","365","3348"
"6075","226","3348"
"6076","365","3349"
"6077","90","3350"
"6078","116","3350"
"6079","366","3350"
"6080","342","3351"
"6081","92","3352"
"6082","378","3352"
"6083","379","3353"
"6084","380","3354"
"6085","150","3354"
"6086","23","3355"
"6087","307","3355"
"6088","null","3355"
"6089","307","3356"
"6090","23","3356"
"6091","15","3357"
"6092","363","3357"
"6093","15","3359"
"6094","363","3359"
"6095","15","3360"
"6096","381","3360"
"6097","382","3360"
"6098","80","3361"
"6099","60","3361"
"6100","10","3361"
"6101","342","3362"
"6102","10","3363"
"6103","276","3364"
"6104","330","3364"
"6105","317","3365"
"6106","353","3365"
"6107","317","3366"
"6108","353","3366"
"6109","15","3367"
"6110","353","3367"
"6111","78","3368"
"6112","383","3369"
"6113","226","3369"
"6114","361","3370"
"6115","216","3370"
"6116","384","3370"
"6117","320","3371"
"6118","28","3372"
"6119","385","3372"
"6120","385","3373"
"6121","385","3374"
"6122","385","3376"
"6123","385","3377"
"6124","385","3378"
"6125","141","3380"
"6126","21","3381"
"6127","317","3382"
"6128","353","3382"
"6129","116","3383"
"6130","14","3383"
"6131","226","3384"
"6132","null","3384"
"6133","14","3385"
"6134","14","3386"
"6135","337","3387"
"6136","226","3387"
"6137","141","3388"
"6138","226","3388"
"6139","383","3389"
"6140","373","3390"
"6141","148","3390"
"6142","297","3391"
"6143","286","3392"
"6144","342","3392"
"6145","342","3393"
"6146","386","3393"
"6147","null","3394"
"6148","342","3394"
"6149","286","3394"
"6151","286","3394"
"6152","342","3394"
"6153","255","3395"
"6154","201","3396"
"6155","363","3397"
"6156","92","3397"
"6157","388","3398"
"6158","38","3399"
"6159","10","3399"
"6160","226","3400"
"6161","319","3400"
"6162","389","3401"
"6163","390","3401"
"6164","77","3402"
"6165","353","3402"
"6166","361","3402"
"6167","92","3402"
"6168","92","3403"
"6169","216","3403"
"6170","391","3403"
"6171","257","3404"
"6172","10","3406"
"6173","92","3406"
"6174","384","3406"
"6175","63","3407"
"6176","92","3405"
"6177","10","3405"
"6178","90","3408"
"6179","301","3408"
"6180","159","3409"
"6181","345","3410"
"6182","392","3411"
"6183","313","3411"
"6184","345","3412"
"6185","321","3412"
"6186","142","3413"
"6187","393","3413"
"6188","345","3414"
"6189","321","3414"
"6190","216","3415"
"6191","142","3416"
"6192","357","3416"
"6193","30","3417"
"6194","394","3417"
"6195","348","3418"
"6196","345","3418"
"6197","213","3419"
"6198","10","3419"
"6199","19","3420"
"6200","7","3421"
"6201","81","3422"
"6202","257","3422"
"6203","26","3423"
"6204","329","3423"
"6205","226","3424"
"6206","80","3426"
"6207","90","3427"
"6208","116","3427"
"6209","116","3428"
"6210","21","3429"
"6211","10","3430"
"6212","395","3430"
"6213","92","3430"
"6214","272","3431"
"6215","396","3431"
"6216","15","3432"
"6217","383","3433"
"6218","255","3434"
"6219","216","3435"
"6220","89","3435"
"6221","68","3436"
"6222","226","3437"
"6223","397","3438"
"6224","383","3438"
"6225","49","3439"
"6226","398","3439"
"6227","399","3440"
"6228","400","3441"
"6229","399","3442"
"6230","319","3443"
"6231","226","3445"
"6232","226","3446"
"6233","226","3447"
"6234","226","3448"
"6235","372","3449"
"6236","401","3449"
"6237","372","3450"
"6238","401","3450"
"6239","47","3451"
"6240","23","3452"
"6241","307","3452"
"6242","332","3452"
"6243","390","3453"
"6244","14","3454"
"6245","402","3454"
"6246","null","3454"
"6247","22","3455"
"6248","352","3455"
"6249","403","3455"
"6250","404","3455"
"6251","15","3456"
"6252","21","3457"
"6253","78","3458"
"6254","80","3459"
"6255","63","3460"
"6256","10","3461"
"6257","146","3462"
"6258","75","3463"
"6259","92","3463"
"6260","15","3464"
"6261","147","3465"
"6262","147","3466"
"6263","15","3467"
"6264","405","3468"
"6265","92","3468"
"6266","406","3469"
"6267","21","3470"
"6268","407","3471"
"6269","407","3471"
"6270","366","3472"
"6271","23","3473"
"6272","307","3473"
"6273","23","3474"
"6274","307","3474"
"6275","23","3475"
"6276","408","3476"
"6277","409","3477"
"6278","390","3478"
"6279","21","3478"
"6280","7","3479"
"6281","103","3479"
"6282","410","3480"
"6283","15","3481"
"6284","21","3482"
"6285","363","3483"
"6286","10","3491"
"6287","410","3492"
"6288","null","3492"
"6289","21","3495"
"6290","null","3495"
"6291","329","3498"
"6292","316","3498"
"6293","10","3499"
"6294","321","3499"
"6295","411","3499"
"6296","92","3499"
"6297","10","3500"
"6298","92","3500"
"6299","10","3500"
"6300","92","3500"
"6301","10","3501"
"6302","92","3501"
"6303","412","3502"
"6304","413","3502"
"6305","92","3502"
"6306","412","3503"
"6307","413","3503"
"6308","92","3503"
"6309","142","3504"
"6310","103","3504"
"6311","414","3504"
"6312","92","3504"
"6313","142","3505"
"6314","103","3505"
"6315","414","3505"
"6316","92","3505"
"6317","363","3506"
"6318","10","3506"
"6319","92","3506"
"6320","363","3507"
"6321","10","3507"
"6322","92","3507"
"6323","63","3508"
"6324","415","3508"
"6325","92","3508"
"6326","257","3505"
"6327","257","3504"
"6328","257","3505"
"6329","63","3508"
"6330","415","3508"
"6331","92","3508"
"6332","63","3509"
"6333","415","3509"
"6334","92","3509"
"6335","401","3510"
"6336","321","3510"
"6337","411","3510"
"6338","92","3510"
"6339","401","3511"
"6340","321","3511"
"6341","92","3511"
"6342","416","3512"
"6343","417","3512"
"6344","92","3512"
"6345","416","3513"
"6346","417","3513"
"6347","257","3513"
"6348","418","3514"
"6349","257","3514"
"6350","418","3515"
"6351","257","3515"
"6352","419","3516"
"6353","369","3516"
"6354","92","3516"
"6355","369","3517"
"6356","103","3517"
"6357","419","3517"
"6358","92","3517"
"6359","321","3518"
"6360","411","3518"
"6361","80","3518"
"6362","92","3518"
"6363","321","3519"
"6364","411","3519"
"6365","80","3519"
"6366","321","3520"
"6367","411","3520"
"6368","80","3520"
"6369","410","3521"
"6370","92","3521"
"6371","10","3522"
"6372","134","3522"
"6373","92","3522"
"6374","420","3523"
"6375","92","3523"
"6376","420","3524"
"6377","92","3524"
"6378","421","3525"
"6379","92","3525"
"6380","421","3526"
"6381","92","3526"
"6382","421","3527"
"6383","92","3527"
"6384","370","3528"
"6385","422","3528"
"6386","257","3528"
"6387","10","3528"
"6388","10","3529"
"6389","423","3529"
"6390","92","3529"
"6391","10","3530"
"6392","424","3530"
"6393","425","3530"
"6394","10","3531"
"6395","424","3531"
"6396","425","3531"
"6397","92","3531"
"6398","10","3532"
"6399","361","3532"
"6400","92","3532"
"6401","10","3533"
"6402","401","3533"
"6403","92","3533"
"6404","321","3534"
"6405","384","3534"
"6406","92","3534"
"6407","42","3535"
"6408","10","3535"
"6409","92","3535"
"6410","10","3536"
"6411","null","3536"
"6412","10","3537"
"6413","10","3538"
"6414","10","3539"
"6415","10","3540"
"6416","10","3541"
"6417","92","3541"
"6418","10","3542"
"6419","92","3542"
"6420","10","3543"
"6421","92","3543"
"6422","10","3544"
"6423","92","3544"
"6424","10","3545"
"6425","417","3545"
"6426","92","3545"
"6427","10","3546"
"6428","63","3546"
"6429","92","3546"
"6430","10","3547"
"6431","92","3547"
"6432","419","3547"
"6433","103","3547"
"6434","10","3548"
"6435","92","3548"
"6436","10","3549"
"6437","92","3549"
"6438","10","3550"
"6439","92","3550"
"6440","412","3551"
"6441","413","3551"
"6442","92","3551"
"6443","412","3551"
"6444","413","3551"
"6445","92","3551"
"6446","412","3552"
"6447","413","3552"
"6448","92","3552"
"6449","414","3553"
"6450","103","3553"
"6451","257","3553"
"6452","363","3554"
"6453","10","3554"
"6454","92","3554"
"6455","363","3554"
"6456","10","3554"
"6457","92","3554"
"6458","363","3555"
"6459","10","3555"
"6460","92","3555"
"6461","63","3556"
"6462","415","3556"
"6463","92","3556"
"6464","10","3557"
"6465","10","3558"
"6466","411","3559"
"6467","321","3559"
"6468","92","3559"
"6469","426","3560"
"6470","42","3560"
"6471","92","3560"
"6472","92","3561"
"6473","319","3562"
"6474","425","3562"
"6475","null","3562"
"6476","361","3563"
"6477","92","3563"
"6478","361","3564"
"6479","92","3564"
"6480","401","3565"
"6481","357","3565"
"6482","92","3565"
"6483","401","3566"
"6484","357","3566"
"6485","92","3566"
"6486","321","3567"
"6487","384","3567"
"6488","92","3567"
"6489","42","3568"
"6490","10","3568"
"6491","257","3568"
"6492","10","3569"
"6493","10","3570"
"6494","10","3571"
"6495","410","3572"
"6496","427","3572"
"6497","92","3572"
"6498","10","3573"
"6499","134","3573"
"6500","428","3573"
"6501","92","3573"
"6502","420","3574"
"6503","352","3574"
"6504","92","3574"
"6505","420","3575"
"6506","352","3575"
"6507","92","3575"
"6508","429","3576"
"6509","421","3576"
"6510","92","3576"
"6511","429","3577"
"6512","421","3577"
"6513","92","3577"
"6514","430","3578"
"6515","92","3578"
"6516","10","3578"
"6517","10","3579"
"6518","423","3579"
"6519","92","3579"
"6520","10","3580"
"6521","423","3580"
"6522","63","3580"
"6523","92","3580"
"6524","425","3581"
"6525","10","3581"
"6526","92","3581"
"6527","431","3582"
"6528","431","3583"
"6529","92","3583"
"6530","431","3583"
"6531","92","3583"
"6532","431","3584"
"6533","92","3584"
"6534","416","3585"
"6535","417","3585"
"6536","92","3585"
"6537","416","3586"
"6538","417","3586"
"6539","92","3586"
"6540","418","3587"
"6541","257","3587"
"6542","419","3588"
"6543","92","3588"
"6544","419","3589"
"6545","92","3589"
"6546","321","3590"
"6547","411","3590"
"6548","80","3590"
"6549","92","3590"
"6550","321","3591"
"6551","411","3591"
"6552","80","3591"
"6553","92","3591"
"6554","321","3592"
"6555","411","3592"
"6556","80","3592"
"6557","92","3592"
"6558","10","3593"
"6559","92","3593"
"6560","10","3594"
"6561","92","3594"
"6562","10","3595"
"6563","92","3595"
"6564","10","3596"
"6565","92","3596"
"6566","412","3597"
"6567","413","3597"
"6568","92","3597"
"6569","412","3597"
"6570","413","3597"
"6571","92","3597"
"6572","412","3598"
"6573","413","3598"
"6574","92","3598"
"6575","414","3599"
"6576","432","3599"
"6577","257","3599"
"6578","414","3600"
"6579","432","3600"
"6580","257","3600"
"6581","418","3601"
"6582","257","3601"
"6583","363","3602"
"6584","10","3602"
"6585","92","3602"
"6586","363","3603"
"6587","10","3603"
"6588","92","3603"
"6589","431","3604"
"6590","92","3604"
"6591","431","3605"
"6592","92","3605"
"6593","431","3606"
"6594","92","3606"
"6595","416","3607"
"6596","417","3607"
"6597","92","3607"
"6598","416","3608"
"6599","417","3608"
"6600","92","3608"
"6601","63","3609"
"6602","415","3609"
"6603","92","3609"
"6604","433","3610"
"6605","92","3610"
"6606","433","3611"
"6607","92","3611"
"6608","321","3612"
"6609","411","3612"
"6610","80","3612"
"6611","92","3612"
"6612","321","3613"
"6613","411","3613"
"6614","80","3613"
"6615","92","3613"
"6616","321","3614"
"6617","411","3614"
"6618","80","3614"
"6619","92","3614"
"6620","321","3615"
"6621","411","3615"
"6622","80","3615"
"6623","92","3615"
"6624","321","3616"
"6625","411","3616"
"6626","80","3616"
"6627","92","3616"
"6628","401","3617"
"6629","357","3617"
"6630","92","3617"
"6631","434","3618"
"6632","410","3618"
"6633","92","3618"
"6634","434","3619"
"6635","92","3619"
"6636","10","3620"
"6637","134","3620"
"6638","428","3620"
"6639","92","3620"
"6640","10","3621"
"6641","134","3621"
"6642","428","3621"
"6643","92","3621"
"6644","420","3622"
"6645","352","3622"
"6646","92","3622"
"6647","420","3623"
"6648","352","3623"
"6649","92","3623"
"6650","429","3624"
"6651","421","3624"
"6652","92","3624"
"6653","429","3625"
"6654","421","3625"
"6655","92","3625"
"6656","361","3626"
"6657","92","3626"
"6658","10","3627"
"6659","430","3627"
"6660","435","3627"
"6661","92","3627"
"6662","10","3628"
"6663","423","3628"
"6664","92","3628"
"6665","10","3629"
"6666","423","3629"
"6667","92","3629"
"6668","10","3630"
"6669","425","3630"
"6670","424","3630"
"6671","92","3630"
"6672","10","3631"
"6673","425","3631"
"6674","424","3631"
"6675","92","3631"
"6676","42","3632"
"6677","10","3632"
"6678","257","3632"
"6679","42","3633"
"6680","10","3633"
"6681","257","3633"
"6682","384","3634"
"6683","92","3634"
"6684","10","3635"
"6685","92","3635"
"6686","10","3636"
"6687","92","3636"
"6688","10","3637"
"6689","92","3637"
"6690","10","3638"
"6691","92","3638"
"6692","10","3639"
"6693","92","3639"
"6694","10","3640"
"6695","92","3640"
"6696","10","3641"
"6697","92","3641"
"6698","10","3642"
"6699","10","3643"
"6700","10","3644"
"6701","10","3645"
"6702","10","3646"
"6703","10","3647"
"6704","10","3648"