"OrderID","Name"
"2","1997-03-03 00:00:00.0"
"3","1997-07-01 00:00:00.0"
"6","1997-07-17 00:00:00.0"
"7","1997-07-25 00:00:00.0"
"8","1997-08-21 00:00:00.0"
"9","1997-09-12 00:00:00.0"
"10","1997-09-24 00:00:00.0"
"11","1997-10-24 00:00:00.0"
"12","1997-11-18 00:00:00.0"
"13","1998-02-09 00:00:00.0"
"14","1998-02-18 00:00:00.0"
"15","1998-04-01 00:00:00.0"
"25","1998-05-21 00:00:00.0"
"26","1998-06-01 00:00:00.0"
"27","1998-07-15 00:00:00.0"
"28","1998-09-24 00:00:00.0"
"29","1998-10-06 00:00:00.0"
"30","1998-10-21 00:00:00.0"
"31","1998-11-07 00:00:00.0"
"32","1998-11-23 00:00:00.0"
"33","1998-12-01 00:00:00.0"
"34","1998-12-09 00:00:00.0"
"35","1998-12-14 00:00:00.0"
"36","1999-02-23 00:00:00.0"
"37","1999-04-05 00:00:00.0"
"38","1999-05-06 00:00:00.0"
"39","1999-06-07 00:00:00.0"
"40","1999-09-22 00:00:00.0"